release_group_id,title,primary_type,first_release_date,is_compilation,is_remix,is_live,is_dj_mix
34e1f6bf-6c0c-4456-92e5-dadb8fd36680,Check Out Your Mind,Single,1996-01-01,False,False,False,False
d113ef0a-1665-43d3-8a71-1cab784c24a8,Push,Single,1996-01-01,False,True,False,False
b13a95a4-724a-3d3f-bcec-c771bffaf61c,Blue Fear,Single,1996-03-10,False,False,False,False
05efc241-f1e7-4249-b928-0114de8df32d,Free,Single,1999-01-01,False,False,False,False
34cdfcae-41d9-483b-955a-074bbf0c6947,One,EP,1999-01-01,False,False,False,False
3f80c180-f72e-41e0-9321-15fe36d511fd,Virgo (Remixes),Single,1999-01-01,False,True,False,False
01e47b6a-71a5-4d1f-be13-3c3e7e4cc853,This Is Not the United Sampler,Album,1999-01-01,True,False,False,True
70ecb5ab-3a90-4ab0-8bf7-b80af23fc99b,Lost Soul Society,EP,1999-01-01,False,False,False,False
a3f08d41-c94f-46aa-85dc-7c71e972ac6b,Virgo (The Remixes),Single,1999-04-17,False,True,False,False
92307739-92c7-33bc-ae37-6f6bddf71b37,Communication,Single,1999-06-01,False,False,False,False
9801259a-6cd5-3128-b3bd-f0651e30a319,Boundaries of Imagination,Album,1999-12-15,True,False,False,True
3c13fbec-d606-4d9d-baf6-ada2702c35e1,"See Me, Feel Me",Single,2000-01-01,False,False,False,False
e80d81f6-1c3b-4e6a-a484-efb1aa5161f3,Wonder Where You Are? / Wonder?,Single,2000-01-01,False,False,False,False
d13e94f4-bee6-37e7-a76f-afc5cb043298,TranceMatch,Album,2000-04-05,True,False,False,True
445e091e-7e16-49af-8b49-d63aa3122a17,"Communication, Part 2",Single,2000-06-10,False,False,False,False
eadf158e-2a3f-3804-a265-d311b67b9f8f,Armin van Buuren 001: A State of Trance,Album,2000-07-17,True,False,False,True
c811db12-d20f-39cb-a74f-7e516e9e10d2,Exhale,Single,2001-01-01,False,False,False,False
c3304549-05ea-3d11-847f-aa03d74ccc6d,Armin van Buuren 003: In Motion,Album,2001-01-01,True,False,False,True
b9f3b295-d65d-3edb-ab27-63068e853bc8,Armin van Buuren 002: Basic Instinct,Album,2001-01-01,True,False,False,True
4cab5bdf-3995-3901-95c5-7364ee3555ae,Touch Me,Single,2001-03-07,False,False,False,False
47961cca-3423-44a6-acec-d36b27a21566,The Sound of Goodbye,Single,2001-08-01,False,False,False,False
1420d652-5e00-44f7-9b45-3f25e2cb2056,Janeiro (Armin van Buuren Remix),Single,2002-01-01,False,True,False,False
33d62d81-b0b5-3273-89f0-b52adaad39c9,Armin van Buuren 004: Transparance,Album,2002-01-01,True,False,False,True
917c16e0-cebc-3b5e-831a-89c20ad9d3f6,Yet Another Day,Single,2002-02-03,False,False,False,False
ca3854a9-8422-3def-a1d0-808a8c73f29c,Sunburn (Walk Through the Fire),Single,2003-01-01,False,False,False,False
04bdda4a-285f-4e59-8ffa-612aa16c0da6,Sunburn,Single,2003-02-17,False,False,False,False
b4a2060a-aa07-3d86-a9f2-eb7610555d7d,76,Album,2003-06-30,False,False,False,False
a36c36b2-340a-45ab-a8cd-e387aa01a9c5,76 Album Sampler - Part 1 of 3,EP,2003-06-30,False,False,False,False
eb7cbad5-660f-4561-b9ff-53a80fc29bc9,76 Album Sampler - Part 2 of 3,EP,2003-08-11,False,False,False,False
d8d9693d-299a-390b-ad8b-bbedbd9e965e,Burned With Desire,EP,2003-11-01,False,False,False,False
7b9e05d0-fedd-3643-8902-ea2a1ddc7a2a,"Universal Religion, Chapter One",Album,2003-11-03,True,False,True,True
7843707f-9e56-4023-a906-ae54c6395689,A State of Trance Year Mix 2004,Album,2004-01-01,True,False,False,True
404474dd-73c1-4493-ad6d-6f75939745cc,A State of Trance 2004 (The Full Versions),Album,2004-02-09,True,False,False,False
88db99a7-300c-3b81-82a5-0b9c93b6fdee,Big Room Trance,Album,2004-03-18,True,False,False,True
ad3b8eca-7151-350c-8427-dd2db0400ba9,A State of Trance 2004,Album,2004-03-23,True,False,False,True
705af6f8-cef6-3e82-aa9b-b66e8e2dbf43,Blue Fear 2004,Single,2004-08-09,False,False,False,False
134214d4-cfc4-41b9-8609-2cffb9432556,Intruder / Pound,Single,2004-08-30,False,False,False,False
f3ae23ad-50c7-4d4f-9476-f1e986f2b047,Intruder / Pound,EP,2004-09-01,False,False,False,False
6cff6df4-3708-35e3-ac11-404d2cba504a,Universal Religion 2004: Live from Armada at Ibiza,Album,2004-09-27,True,False,True,True
c8ddcf19-ce4f-4822-bea7-747592f391d4,A State of Trance 2005 (The Full Versions),Album,2005-02-07,True,False,False,False
f7c3ceab-8dd3-3f8b-97da-0aabd3d1b9a2,Shivers / Birth of an Angel,Single,2005-02-14,False,False,False,False
ca660f87-876d-3195-ab81-5486a339cbfe,A State of Trance 2005,Album,2005-03-12,True,False,False,True
49a9ddd3-93de-33a8-bf33-6fb7e515a879,Shivers / Serenity,Single,2005-06-20,False,False,False,False
616665bd-4156-37b7-9c6d-1e310195ff4c,Serenity: Sensation White Anthem 2005,Single,2005-06-20,False,False,False,False
bc5458fd-aa61-4b18-a97f-e9f92c539165,Hymne (De Postbank SAILtrack 2005),EP,2005-08-01,False,False,False,False
1c970471-4d57-3c2b-a71d-2ec51ce93991,Shivers,Album,2005-08-08,False,False,False,False
4562372c-97eb-4c8a-89c5-ff67a564bdd2,Shivers (Album Sampler 03),EP,2005-08-08,False,False,False,False
58c8c42b-ddb1-32e1-9634-e2a258f7fcd3,Who Is Watching,Single,2005-12-05,False,False,False,False
74754da2-1852-425b-9f07-6c87ad3abf5a,Who Is Watching (Part 1 – The House Mixes),EP,2005-12-05,False,False,False,False
efc26085-a52d-3e74-b2c9-901f78c3370b,A State of Trance Year Mix 2005,Album,2005-12-23,True,False,False,True
7011a949-7ecc-4966-8a61-d0e85f478de2,Shivers / Serenity / Who Is Watching,EP,2006-01-01,True,False,False,False
cc346477-4568-34e6-9152-60f68d2fd9f5,Sail,Single,2006-03-16,False,False,False,False
977465e6-e07b-3d85-9751-e931201037ac,A State of Trance 2006,Album,2006-04-17,True,False,False,True
45b5e816-b871-3868-b932-ca2401e680c5,Control Freak,Single,2006-06-22,False,False,False,False
641d2548-dac0-3eb3-917e-f07db95f2ce8,Love You More,Single,2006-08-01,False,False,False,False
e9086919-a41c-3dd9-82f5-042389e17f6d,Saturday Night,Single,2006-10-30,False,False,False,False
cb97e3d2-1405-43b8-860a-e6539c58321c,10 Years,Album,2006-11-11,True,False,False,False
272fd518-fb1a-4b21-97fb-f1525eb95458,10 Years (Sampler 01),EP,2006-12-04,False,False,False,False
5d865d56-90aa-47f4-bf57-33b83bdc3325,10 Years (Sampler 02),Single,2006-12-11,False,False,False,False
9059a2a8-d54d-3039-99f4-2366a4e6412b,A State of Trance Year Mix 2006,Album,2006-12-15,True,False,False,True
debaee53-c4bd-325a-83b2-66617fb83e4d,This World Is Watching Me,Single,2007-01-22,False,False,False,False
688686b9-7e2d-314e-878d-2a24b731fcfc,Communication Part 3,Single,2007-02-11,False,False,False,False
15528f1d-d0c3-40d0-be99-7faf3f4a80e9,Something for the People / Bounce Back,Single,2007-04-10,False,False,False,False
86b2fdd8-17c0-306c-aa7d-da8fd48b291a,A State of Trance 2007,Album,2007-05-01,True,False,False,True
66a90205-3f8f-4acc-8ede-6109bd2c83bb,"A State of Trance 2007: The Full Versions, Volume 1",Album,2007-06-04,True,False,False,False
459433f2-a189-3e17-83c5-00cccc1dc072,Rush Hour,Single,2007-06-25,False,False,False,False
725412d7-f2e7-4dac-8a81-5016bb38fc4e,"A State of Trance 2007: The Full Versions, Volume 2",Album,2007-08-06,True,False,False,False
1f731caf-2e7b-32d5-88e7-5737dc4d3b52,"Universal Religion, Chapter Three: Live from Armada at Ibiza",Album,2007-10-08,True,False,True,True
ac5e4929-bf6e-3fe6-a159-f939ed91433a,A State of Trance Year Mix 2007,Album,2007-12-14,True,False,False,True
479b0ffd-1ee5-4c3d-902d-19a5a6e25f05,Top DJ's 3: Armin van Buuren Plays for Θέμα,EP,2008-01-01,True,False,False,False
1f188967-047d-4a78-83c4-909b143a59aa,Fine Without You,Single,2008-01-01,False,False,False,False
deee92f7-778e-4f8b-bdc0-e791c686e1b0,If You Should Go,Single,2008-02-20,False,False,False,False
350a9fa7-b3af-4f4d-bfb1-9ff95ca02907,Going Wrong,Single,2008-04-08,False,False,False,False
529aec54-d807-3707-9a76-38178c1bbbd3,Imagine,Album,2008-04-18,False,False,False,False
bd9b4602-5bee-3e22-a23a-b864c23bf98b,"Mixmag Presents: Armin van Buuren: Live at the Gallery, Ministry of Sound",Album,2008-06-19,True,False,True,True
da9e279e-0579-47f5-bc43-f80f7aa8a4f9,Armin Only - Imagine: The Music,Album,2008-07-17,False,False,False,True
dcb995ac-8bdb-3aca-8aef-4f8a59fb4026,In and Out of Love,Single,2008-08-06,False,False,False,False
2d92e32c-06dd-3235-b29b-2cbb3709a3dc,A State of Trance 2008,Album,2008-09-26,True,False,False,True
8ae3c5c6-2f8c-4e0e-b72d-e2594dda483a,A State of Trance 2008 (The Full Versions) Vol. 1,Album,2008-10-13,True,False,False,False
0c883282-22f7-328b-af56-973a20acb911,A State of Trance Year Mix 2008,Album,2008-12-10,True,False,False,True
1ad9f148-1876-4f2f-954f-c91d03bfcd47,Unforgivable,Single,2009-01-12,False,False,False,False
280e63e4-71b1-4abe-bac2-02891f72c1f9,A State of Trance 2008 - The Full Versions Vol. 2,Album,2009-01-19,True,False,False,False
a388f42d-6c52-38ca-96ff-3eaaaccfd7b7,Imagine: The Remixes,Album,2009-02-14,False,True,False,False
4c674212-5251-4215-8de4-37d791a6be82,A State Of Trance Radio Top 15 - April 2009,Album,2009-04-01,False,False,False,False
031c3843-8431-4506-a2a0-182de18338cb,Fine Without You,Single,2009-05-25,False,False,False,False
95936fb1-55c7-4001-85af-dc8b2d93b0f4,A State of Trance 2009,Album,2009-06-08,True,False,False,True
eb8aff9a-b644-46d1-88be-0dbe360d2cbc,Never Say Never,Single,2009-06-29,False,False,False,False
188e11ea-bd13-459d-8f9d-4bb6cf570494,"A State of Trance 2009: The Full Versions, Volume 2",Album,2009-08-28,True,False,False,False
338905c9-9512-49b7-afb3-da777570efd7,"Universal Religion, Chapter 4",Album,2009-10-04,True,False,True,True
e5bfa15a-40ce-47f1-9ba4-630738ebebe2,Broken Tonight,Single,2009-10-26,False,False,False,False
dfa97add-a6fd-4d75-948d-9e08ac546160,Broken Tonight (remixes),Single,2009-11-09,False,True,False,False
dfe6458c-a3ad-4485-aad6-7e4f2925d6ee,The Music Videos: 1997–2009,Album,2009-11-30,True,False,False,False
dd386cc1-eeb5-4dd6-961f-8c5f83b2bda0,30 Tunes Collected,Album,2009-11-30,True,False,False,False
7222855a-80e3-45bc-9e91-f0321e9556ec,A State of Trance Year Mix 2009,Album,2009-12-18,True,False,False,True
46ba55d4-66e9-4d9e-a801-b89ed2f91788,A State of Trance 2010,Album,2010-04-02,True,False,False,True
3a0d017b-99c1-4da6-8c24-3bedc737d600,The Music From A State of Trance 450,Album,2010-04-14,True,False,False,False
e6f9a7a1-717c-4fe9-8f40-1eaf4dc4e9d3,A State of Trance Radio Top 15: June 2010,Album,2010-06-18,True,False,False,False
0ac4f595-c840-4ab2-8756-f49151d09a68,Full Focus,Single,2010-06-24,False,False,False,False
5a6aec27-edcb-4070-9ed7-e861e39a7089,Not Giving Up On Love,Single,2010-08-20,False,True,False,False
4e247ed0-839f-407f-af94-f18274f76673,Not Giving Up on Love,Single,2010-08-20,False,False,False,False
59d9034e-0c66-47f3-93ef-fe8d89472b8c,Mirage,Album,2010-09-08,False,False,False,False
c0f9da7b-4a74-4325-bfd9-8d99fd5ac282,"Amazing / In And Out Of Love (Hixxy, Sy + Unknown Remixes)",EP,2010-09-29,False,False,False,False
80a87a2d-f7b5-4a39-987b-b7c872efc269,This Light Between Us,Single,2010-11-12,False,False,False,False
cecabf9d-8c06-4a17-8eb2-89f2f784c5f2,A State of Trance 2004 - 2009,Album,2010-11-29,True,False,False,False
d1a823de-e816-4bc0-9f2d-d292fa72c262,A State of Trance Year Mix 2010,Album,2010-12-17,True,False,False,True
0dc5b535-38ba-402d-a35b-45cfe576dd54,Armin Only “Mirage”,EP,2010-12-25,False,False,False,True
9ed2e2b8-4bec-4a01-99ec-d307138f3129,Greatest Hits,Album,2011-01-01,True,False,False,False
8ffa8c0e-ee4e-45bd-a3fa-6c228684d321,A State of Trance Year Mix 2011,Album,2011-01-05,True,False,False,True
95eccd78-2ab2-49b3-a705-c689cf9ecd17,A State of Trance Radio Top 15 – February 2011 (Including Classic bonus Track),Album,2011-02-25,True,False,False,False
07ced5d8-4a82-4282-8639-28931cfb5063,Drowning,Single,2011-02-25,False,False,False,False
d9dc0c63-a9ed-47f1-a7d2-70ae91cbe140,Status Excessu D (The Official A State of Trance 500 Anthem),Single,2011-03-16,False,False,False,False
76dc7845-2667-4081-ab2f-4ff39de120a0,A State of Trance 2011,Album,2011-03-18,True,False,False,True
892a4e58-5818-47be-8d58-d4a7f2351e7a,Armin Only - Mirage: The Music,Album,2011-03-29,True,False,False,False
6f9f92e1-f24c-4bd2-8832-e63a108e9de1,A State of Trance 500,Album,2011-04-15,True,False,False,True
57b913ef-b08d-4508-984a-6b651262196a,A State of Trance Radio Top 15: May 2011,Album,2011-05-13,True,False,False,False
77327d39-c914-44ca-a8a6-c067afe4dd52,Mirage: The Remixes,Album,2011-06-02,False,True,False,False
4022e9d9-d32e-4207-a1a4-71a4c412c9dd,2011-06-16: A State of Trance #513 (Mirage Remixed Special),Album,2011-06-16,True,False,False,False
8a4c0943-0ee1-4189-b428-7c98cbfdc1aa,Feels So Good,Single,2011-06-20,False,False,False,False
296e552a-880b-4c1c-a856-e0e9d601a4b6,A State of Trance Radio Top 15: June 2011,Album,2011-06-24,True,False,False,False
22e9654c-be10-4cc9-afe8-bdb138d0faaa,A State of Trance 2011 (unmixed),Album,2011-07-08,True,False,False,False
01592475-c9cc-4d26-b79f-bb343470e14d,A State of Trance Radio Top 15 – August 2011 (Including Classic Bonus Track),Album,2011-08-19,True,False,False,False
69b5f04d-0f77-429b-bb6e-08eb25b86766,"The Sound of Goodbye, Pt. 2",Single,2011-08-25,False,False,False,False
02fa60f8-2b84-40cc-8fc4-d69da89e2010,Brute,Single,2011-09-12,False,False,False,False
33161871-b02b-4dcd-b8a2-d7fd31afbcf4,A State of Trance Radio Top 15 – September 2011 (Including Classic Bonus Track),Album,2011-09-16,True,False,False,False
5e8aeaef-7be8-4cb0-a810-5559e53539e4,"Universal Religion, Chapter Five",Album,2011-10-07,True,False,True,True
8df7ea01-77f2-478d-916e-eb32ce05d022,A State of Trance Radio Top 20: October 2011,Album,2011-10-21,True,False,False,False
44d3bd89-aac6-4714-9636-ea20c97d0981,Armin van Buuren Presents: 100 Armind Tunes,Album,2011-11-04,True,False,False,False
df23487b-deb2-4e79-8cfe-8e8726ead2c6,A State of Trance Radio Top 20 – November 2011 (Including Classic Bonus Track),Album,2011-11-25,True,False,False,False
9529cc54-ddac-4ea3-bb20-41587fce191d,Youtopia,Single,2011-11-28,False,False,False,False
c7758084-0577-4913-b41f-f79490f7bb01,The Album Collection,Album,2012-01-01,True,False,False,False
61587dc6-ea2a-4f14-8e72-6727f7aa1b6c,A State of Trance Radio Top 20: January 2012,Album,2012-01-13,True,False,False,False
271719ca-1e0c-43b1-8c45-9c539de17faf,A State of Trance Radio Top 20: February 2012,Album,2012-02-10,True,False,False,False
fd99ecea-52af-4e6f-8345-b4f2f14baaf6,Orbion,Single,2012-02-13,False,False,False,False
161352d8-f47e-4e66-b4b3-d3931629a294,A State of Trance 2012,Album,2012-03-01,True,False,False,True
ab8a66a8-223a-47f0-817b-0a243128c94c,J’ai envie de toi,Single,2012-03-05,False,False,False,False
cb667e47-366e-4c25-9122-c5d5cb54e49f,Suddenly Summer,Single,2012-03-12,False,False,False,False
62ff96ff-9583-45a6-9d15-b15d34910f03,Belter,Single,2012-03-26,False,False,False,False
aba63e92-35ac-4877-b082-03f336a33f2b,A State of Trance 550: Invasion,Album,2012-03-29,True,False,False,True
751c545d-f123-44ba-b0a6-a6382a6d9ded,A State of Trance Radio Top 20 – March/April 2012 (Including Classic Bonus Track),Album,2012-04-13,True,False,False,False
987b9b65-4411-44f3-807a-fc5ce2127b87,"A State of Trance 2012 – Unmixed, Vol. 1",Album,2012-04-20,True,False,False,False
2ee26d45-7487-4c8c-8f1e-5ba7a506417c,We Are Here to Make Some Noise,Single,2012-05-09,False,False,False,False
0547b003-0375-46f3-a5f7-34c31a27e8fd,A State of Trance Radio Top 20: May 2012,Album,2012-05-11,True,False,False,False
f071b743-1af4-4dc9-a5f0-b4d7f51a6f9a,A State of Trance Radio Top 20 – June 2012 (Including Classic Bonus Track),Album,2012-06-08,True,False,False,False
479de9bd-a56a-4465-a658-06041dfdb81a,We Are Here to Make Some Noise (remixes),Single,2012-06-08,False,True,False,False
56c6a873-82eb-4c74-8345-fb43356c1328,"A State of Trance 2012 - Unmixed, Vol. 2",Album,2012-06-15,True,False,False,False
58fd81a2-7f80-4463-8af7-f15a1d9bb821,Suddenly Summer (the remixes),Single,2012-06-18,False,True,False,False
a2f6d929-91ee-4fb5-bb80-ca6b308ebaa3,A State of Trance Radio Top 20 – July 2012 (Including Classic Bonus Track),Album,2012-07-13,True,False,False,False
319103c2-b50f-4175-ac2f-a2bc65bccec3,"A State of Trance 2012 – Unmixed, Vol. 3",Album,2012-07-20,True,False,False,False
4a4504f0-bbaa-4897-b30e-657b0d39c197,A State of Trance Radio Top 20: August 2012,Album,2012-08-10,True,False,False,False
6d6d8a28-1cfc-4fc8-a48c-8b800f01a57b,I’ll Listen,Single,2012-09-10,False,False,False,False
9bffa519-e868-43dc-a485-96c86bfc48db,"Universal Religion, Chapter Six",Album,2012-09-14,True,False,True,True
38db511b-4737-4e71-a90f-cfcacd3b2fc7,arm1n_01,Single,2012-10-04,False,False,False,False
488f8f52-2bb7-4ae6-bd60-3781397efc0e,arm1n_02,Single,2012-10-04,False,False,False,False
fb843439-e6d8-4452-8f37-f1630a56a5ed,arm1n_03,Single,2012-10-08,False,False,False,False
1058e815-9a5d-40c8-a5b3-26cf04c698ed,A State of Trance Radio Top 20 – September/October 2012 (Including Classic bonus Track),Album,2012-10-12,True,False,False,False
f63ad0b2-f977-476f-bfc5-c47e5187e64a,A State of Trance Radio Top 20 – November 2012 (Including Classic Bonus Track),Album,2012-11-09,True,False,False,False
2a5b2018-66a0-49bc-8ba5-1425a4a9ef96,arm1n_3,Single,2012-11-12,False,False,False,False
325c373e-df86-4645-a85a-b40001289d4a,Serenity (Remixes),Single,2012-11-26,False,True,False,False
8772a2da-6e35-4f3a-8435-2d5806d8c128,Armin van Buuren’s 2012 Top 20,Album,2012-12-07,True,False,False,False
037cc4d2-b99a-46d4-91a0-2f370d54b80b,A State of Trance Radio Top 20: December 2012,Album,2012-12-14,True,False,False,False
6d465301-6efe-4459-9e13-b9ffaf734b3f,A State of Trance Year Mix 2012,Album,2012-12-20,True,False,False,True
f51adb14-408d-46a1-818e-0d0ee7beb4fc,Waiting for the Night,Single,2013-01-21,False,False,False,False
a8cc7919-427e-4812-b152-60b004d32b48,The Expedition (A State of Trance 600 Anthem),Single,2013-01-28,False,False,False,False
3dd584d3-978e-496a-88f0-1ed1dfd36668,"Communication, Part 3 (remixes)",Single,2013-02-04,False,True,False,False
b4545010-3c65-4048-9293-12c48dd72600,Nehalennia,Single,2013-02-11,False,False,False,False
82a45fb9-e81b-4305-8f00-35b5b2620454,A State of Trance 2013,Album,2013-02-13,True,False,False,True
4af0f6c2-197f-4f7c-9ea5-2a3c700c9139,D♯ Fat,Single,2013-02-25,False,False,False,False
b900e2e8-bd83-4d30-81da-0030796aea43,"A State of Trance 600 (Armin Van Buuren - Warm Up Sets) [Madrid, Mexico City, Beirut & Kuala Lumpur]",Album,2013-03-28,True,False,False,False
471535f0-ce85-4b8e-8364-8a98e4d57752,This Is What It Feels Like,Single,2013-04-05,False,False,False,False
99831b30-1513-4412-b76a-ba81450cdf98,A State of Trance 600,Album,2013-04-05,True,False,False,True
4ca1f66a-ca5d-42c6-b27f-3f358a4042d4,"A State of Trance 600 (Armin Van Buuren - Warm Up Sets) [Sao Paulo, Miami, New York City & Den Bosch]",Album,2013-04-19,True,False,False,False
f62bd790-3682-479e-8d6a-3443081ef9aa,Intense,Album,2013-05-03,False,False,False,False
ad61f37e-fefb-4209-8310-cfbbdfe22ca9,Humming the Lights,Single,2013-05-03,False,False,False,False
2b9a99c7-58ae-4e27-a963-bcef79f27a12,This Is What It Feels Like (Audiotricz bootleg),Single,2013-05-29,False,True,False,False
d052e8d4-53da-4fab-8de2-04ae7e8498b6,Intense (The More Intense Extended Edition),Album,2013-06-05,False,True,False,False
dd303650-8e23-4604-81ce-b298c73299ec,Who’s Afraid of 138?! (Photographer & Jordan Suckley Remixes),Single,2013-08-05,False,True,False,False
bda96ab8-c987-4ad1-a24e-bf751af92b5c,Beautiful Life (Remixes),Single,2013-09-06,False,True,False,False
9784cf12-f650-4922-9ab0-a2d55ecc8c3f,"Universal Religion, Chapter Seven",Album,2013-09-13,True,False,True,True
30a7f598-d050-4cb4-b32d-813916f6201f,Beautiful Life,Single,2013-09-20,False,False,False,False
b436a6af-6539-463f-804c-e8c8e2d61a0a,This Is What It Feels Like (John Ewbank Classical remix),Single,2013-11-08,False,True,False,False
0c56ccc2-a3c3-428f-bc1b-69be9ffeafc4,A State of Trance Year Mix 2013,Album,2013-12-20,True,False,False,True
76765213-2073-4044-bba5-e8c0395d55f1,A State of Trance Radio Top 20: January 2014,Album,2014-01-17,True,False,False,False
3bfedaf2-10ea-4559-9fbf-ce324e03a3ca,A State of Trance 650 – New Horizons (Extended Versions) – Mixed by Armin van Buuren,Album,2014-01-30,False,False,False,True
23cba637-5113-4f80-a2dc-155d79df2800,A State of Trance 650: New Horizons,Album,2014-01-30,True,False,False,True
e3bfa732-1892-41df-971b-4fcca80326ed,Save My Night (Blasterjaxx remix),Single,2014-02-24,False,True,False,False
1ae505a1-79e7-4a4e-90a5-1d7159052cfa,Alone,Single,2014-03-07,False,False,False,False
2e0f6075-8664-4448-a9ec-46a14628b742,Ping Pong,Single,2014-03-24,False,False,False,False
4416a191-682c-486e-a8ad-4191b5fe6dba,A State of Trance 2014,Album,2014-03-28,True,False,False,True
d8ccf4ad-bb13-49e8-b13a-c1810a175ab8,EIFORYA,Single,2014-04-14,False,False,False,False
42669518-3893-4081-b78b-a26f7b4de72c,Save My Night (remixes),Single,2014-04-14,False,True,False,False
3cc8d077-4412-4aeb-969b-48e5a6f4eff6,"A State of Trance 650 (Armin van Buuren – Warm Up Sets) [Moscow, Yekaterinburg, Utrecht, Buenos Aires & Jakarta]",Album,2014-05-02,True,False,False,False
769aefda-69a5-45dc-a6f2-feac09ee85b9,"A State of Trance 2014 – Unmixed Extendeds, Vol. 2",Album,2014-07-18,True,False,False,False
a814ff92-ff1e-4951-b22c-f0e8aa96cc34,A State of Trance Radio Top 20: August 2014,Album,2014-08-15,True,False,False,False
56196402-9027-4819-b995-49d25c560193,Hystereo,Single,2014-09-05,False,False,False,False
82e0da30-43f1-4f51-80d4-bfa79e99df33,A State of Trance: Ibiza 2014 at Ushuaïa Ibiza Beach Hotel,Album,2014-09-12,True,False,False,True
2c675e09-6b82-439d-8b3d-64765fc1415a,Sound of the Drums (Bobina remix),Single,2014-09-29,False,True,False,False
f5fa6ae5-27fc-49c8-a57f-fe2d702cc575,Trance Classics: The Best Of,Album,2014-10-20,True,False,False,False
059be5e2-70de-4fdb-9287-a601fce49ab5,Save My Night (Mark Sixma remix),Single,2014-10-27,False,True,False,False
79125b7f-3613-46c7-9400-396ccfaf0dd4,Anthems: Ultimate Singles Collected,Album,2014-11-07,True,False,False,False
af653e20-ca7d-47a4-9599-c172e74e3d9e,A State of Trance – Future Favorite Best of 2014,Album,2014-11-21,True,False,False,False
2c66094f-a30c-4fa8-bcce-d101739ee917,Armin Only – Intense “The Music”,Album,2014-12-07,False,False,False,False
70295398-399a-4b7c-89a4-3abb65caa39b,Communication (Paul Oakenfold Full on Fluoro mix),Single,2014-12-17,False,True,False,False
d239f5e6-6263-4a56-a62c-3457f710e924,A State of Trance Year Mix 2014,Album,2014-12-19,True,False,False,True
df702853-f6a9-4ade-9bc8-5005a32c6be1,Hystereo (Wach remix),Single,2014-12-22,False,True,False,False
20b73a88-7c4e-42df-87f9-8d1aace31762,A State of Trance Radio Top 20: August / September / October 2015 (Including Classic bonus Track),Album,2015-01-01,True,False,False,False
8dbc54a8-04a7-45f7-840e-f83a848b749f,Embargo,Single,2015-01-01,False,False,False,False
7c9b9ca2-5244-4c2d-acfe-fa19a7722787,Hands to Heaven,Single,2015-01-01,False,False,False,False
faa6ff03-5e37-43ba-bb60-b8d73ffa53e9,Strong Ones (The Remixes Part II),Single,2015-01-01,False,True,False,False
cd84b83d-c5fe-47ab-9984-7c7fe0791508,Together (In A State of Trance) [A State Of Trance Festival Anthem],Album,2015-01-09,False,False,False,False
b3138057-71c0-496d-bc2f-40186597bf60,Together (In a State of Trance) (ASOT Festival Anthem),Single,2015-01-09,False,False,False,False
515accde-17ab-4afb-9503-821ea1afb63e,Safe Inside You,Single,2015-02-13,False,False,False,False
deb20ccd-76ad-47e5-8a5e-c93417fb1e2e,In and Out of Love (Lost Frequencies radio edit),Single,2015-03-16,False,True,False,False
bec7248d-dee2-4ada-85f5-b329c2c2c724,Panta Rhei,Single,2015-03-23,False,False,False,False
83550add-00fc-4740-b6a5-ed5f6f503019,A State of Trance 2015,Album,2015-03-27,True,False,False,True
36f41cdf-ab08-44bb-8b5f-9b1b952f300b,Another You,Single,2015-05-08,False,False,False,False
f32f4949-d820-4568-8ce3-2193b02300b8,Another You (Mark Sixma remix),Single,2015-05-08,False,True,False,False
0896bf69-1af1-48e2-8089-7d460e26e113,Another You,EP,2015-05-09,False,False,False,False
05311e3f-b743-4924-acf9-c92ad66320c3,Another You (Headhunterz remix),Single,2015-05-09,False,True,False,False
4139f262-ba1d-44e5-8347-a171fb6a73ff,Stardust,Single,2015-07-31,False,False,False,False
1dc7c932-db5a-4ea0-b1b1-b6e7f35ad7aa,A State of Trance: Ibiza 2015 at Ushuaïa Ibiza Beach Hotel,Album,2015-08-20,True,False,False,True
c2c50c4d-965f-4ff6-9205-8d3d8a702110,Off the Hook,Single,2015-09-14,False,False,False,False
a3d8f9a5-7cac-4db3-aa50-409d91530bd5,Embrace,Album,2015-10-15,False,False,False,False
b9fd6c9d-1a95-4f3d-935e-8626f917dc9d,A State of Trance Episode 736,Album,2015-10-22,True,False,False,False
8ccb0ff9-e91a-47be-9d4d-ef043cea3fea,Strong Ones (Remixes),EP,2015-11-06,False,True,False,False
aca053cd-6f99-49c7-bf16-f0ae9ac31644,Armin van Buuren Presents Armind: Best of 2015,Album,2015-11-27,True,False,False,False
96ffb2be-ee02-4e44-877b-0d0514e93d74,A State of Trance Year Mix 2015,Album,2015-12-18,True,False,False,True
23637c9b-10fe-4a6a-97db-c0478ad5e44a,If It Ain’t Dutch,Single,2015-12-21,False,False,False,False
69ea1407-15ca-4bb3-8ece-228c13acd150,Pull Over,Single,2016-01-01,False,False,False,False
f0ff7d43-5a16-4414-8947-d728013cfaed,Make It Right,Single,2016-01-01,False,False,False,False
426491ff-52a5-449c-afc1-9d38a859fa17,The Race,Single,2016-01-01,False,False,False,False
c122cf74-cfce-4ce0-9da3-960aaeae6217,Embrace Remix EP #4,EP,2016-01-01,False,True,False,False
1adfc7f6-6d16-409f-b3f9-954b2d0688d3,Clear Blue Moon (Will Rees remix),Single,2016-01-08,False,True,False,False
27c563b2-1d3e-4a1e-b25f-8ab3259a7c37,Heading Up High,Single,2016-02-05,False,False,False,False
3d9b8cd4-3a59-4a39-881a-f31e41309cf7,A State of Trance Radio Top 20 - February 2016 (Including Classic Bonus Track),Album,2016-02-19,True,False,False,False
bc916904-a1c4-4387-bfe4-1cde72654839,A State of Trance Festival (Warm Up Sets),Album,2016-03-25,True,False,False,False
2b593144-93c5-4480-80b7-8635f6401429,Freefall,Single,2016-04-29,False,False,False,False
624fadb5-34f1-4edc-a40e-4bf4053446fc,A State of Trance 2016,Album,2016-05-05,True,False,False,True
2d8770f5-9a32-4f17-bfa3-a8f3109b4b0c,Embrace,Single,2016-06-10,False,True,False,False
1df4ae2f-955e-474a-81d1-2bf485a1e071,A State Of Trance Radio Top 20 - May / June 2016 (Including Classic Bonus Track),Album,2016-06-17,True,False,False,False
9d9bd4fa-8db4-45c1-83a4-ccc167a08236,Again,Single,2016-06-24,False,False,False,False
93b91601-370c-49de-9d9e-6d317f1713fc,Dominator,Single,2016-06-30,False,False,False,False
75770979-69df-4148-86c1-c1ad328f4793,Embrace Remix EP #1,EP,2016-07-28,False,True,False,False
3b370f98-daa1-4676-95dd-7290ce989c3b,Old Skool (Mini Album),EP,2016-08-04,False,False,False,False
c394b656-6137-4d77-95c7-d34b8e642b47,A State of Trance: Ibiza 2016,Album,2016-08-19,True,False,False,True
4c0cf953-0fb0-439e-a0fe-0c676941209a,Off the Hook (Mark Sixma remix),Single,2016-08-31,False,True,False,False
0b532f7b-9918-4ac6-9cdd-3fab8eb8b0e1,A State of Trance Radio Top 20: August / September 2016,Album,2016-09-09,True,False,False,False
1c4aa5b4-a806-4165-a340-0600f988ec39,A State Of Trance - 15 Years,Album,2016-09-30,True,False,False,False
f9d50fb9-559a-43a8-b450-56d2b90880eb,Embrace Remix EP #2,EP,2016-10-20,False,True,False,False
5971b5bd-733a-4f05-9f0b-8e9b56cce28e,Club Embrace,Album,2016-10-21,False,True,False,False
457a23e3-dddc-4883-b8ce-7655d237b7d0,Dominator (remixes),EP,2016-10-24,False,True,False,False
ea034ff2-bfd5-4a6a-b9fd-e7168680935e,Embrace Remix EP #3,EP,2016-11-03,False,True,False,False
7b29a15e-efd9-406e-9cd2-ce7d1848bf0a,Embrace Remix EP #4,EP,2016-11-17,False,False,False,False
c7a5f84a-ec23-4e17-b5ca-246865992e0e,Armin van Buuren Presents Armind: Best of 2016,Album,2016-11-18,True,False,False,False
04d63361-4986-4547-9ae4-cbba9dbbed0b,Flashlight,Single,2016-11-24,False,False,False,False
f6bf9260-209e-4862-a175-772138794d1e,I Live for That Energy (ASOT 800 Anthem) EP,EP,2016-12-01,False,False,False,False
19afbe6a-5d41-4f95-9b5e-7c2a1638c1ca,Embrace Remix EP #5,EP,2016-12-08,False,True,False,False
6d8a89f5-2b44-4f2f-b2fd-3ab35af9ebfd,Great Spirit,Single,2016-12-12,False,False,False,False
550e8fbb-2753-4768-a7d9-06acc6c6e8dc,A State of Trance Year Mix 2016,Album,2016-12-16,True,False,False,True
8e9fa072-a534-49e4-aeeb-85f078322ff4,I Need You,Single,2017-01-06,False,False,False,False
7cb5ddc7-0b0a-43de-9b9e-fab8caee8e6d,A State of Trance Top 20 – March 2017 (Including Classic Bonus Track),Album,2017-03-10,True,False,False,False
df22b4c1-1fb2-4bb3-908b-67fc93134805,A State of Trance 805,Album,2017-03-16,False,False,False,True
45d6e307-2e75-4e3b-b52c-e9521e12bee0,Again (Remixes),EP,2017-03-23,False,True,False,False
ee515072-8605-4f51-971d-6a862da0c0bd,A State of Trance Year Mix 2017,Album,2017-04-20,True,False,False,True
f9b03fa3-679a-4a61-9a87-b1f7250ffa54,A State of Trance 2017,Album,2017-04-21,True,False,False,True
99c58b08-625c-4d46-a6fd-13569cc8cec7,This Is a Test / The Train,Single,2017-04-21,False,False,False,False
23d10c9c-435c-43e9-80fd-5e3d5caa7ea0,My Symphony (The Best of Armin Only Anthem),Single,2017-05-05,False,False,False,False
26299524-9d62-4534-be8e-b0b77e4c6b69,The Best of Armin Only,Album,2017-05-13,True,False,False,True
16d4814b-34c5-4a7f-a954-dc2aff93a176,Sunny Days,Single,2017-06-16,False,False,False,False
43304531-eda2-464b-bd2a-bc2dddec5d2f,Who Is Watching (DJ Soltrix bachata rework),Single,2017-06-21,False,False,False,False
9582f48f-aa58-43e3-9a4b-5699112984e9,Great Spirit (Wildstylez remix),Single,2017-07-07,False,True,False,False
658971c2-7df3-409f-ba74-72daf99f7632,A State of Trance Top 20: July 2017 (Selected by Armin Van Buuren),Album,2017-07-14,True,False,False,False
9aa6ce8a-f1f5-40ed-9fae-60795a79039e,You Are,Single,2017-07-21,False,False,False,False
2eb13804-28aa-4fd7-9846-0b3301bfdd8a,Live at Tomorrowland Belgium 2017 (Highlights),Album,2017-08-03,False,False,True,True
a709005f-dcfa-4380-9c0f-395210e55cef,A State of Trance: Ibiza 2017,Album,2017-08-17,True,False,False,True
52781af8-0ec5-4396-9c90-37227ec6a76f,This Is a Test (Remixes),Single,2017-09-14,False,True,False,False
d2cc266e-2355-4a0b-8475-40490c1c3d74,Be in the Moment (ASOT 850 Anthem),Single,2017-11-16,False,False,False,False
9ebfc21b-d83d-4c13-be02-cd2dc06789fe,A State Of Trance Top 20 - November 2017 (Selected by Armin van Buuren),Album,2017-11-17,True,False,False,False
b431521f-9850-4b09-b78e-1aa788aacfcb,A State of Trance: Future Favorite - Best of 2017,Album,2017-11-24,True,False,False,False
a0952251-a2a7-431c-b6c0-36c534aba522,Christmas Days,Single,2017-12-09,False,False,False,False
c44a5b71-6470-4120-bb71-11d343f7e970,A State Of Trance Top 20 - January 2018 (Selected by Armin van Buuren),Album,2018-01-12,True,False,False,False
14644b13-62d3-4d1f-9384-deb8842a501d,"Sex, Love & Water",Single,2018-02-02,False,False,False,False
5ed75fda-d34d-48d8-90df-d909a3d220b8,A State of Trance 850,Album,2018-02-16,True,False,False,True
49b61054-419a-402e-a793-e604bdb5846c,"Sex, Love & Water (club mix)",Single,2018-02-16,False,True,False,False
f45a5aea-01fa-43e9-bbff-b95ac02c7336,"Sex, Love & Water (Loud Luxury remix)",Single,2018-03-16,False,True,False,False
f321140b-eb53-4068-89af-9c0543082186,The Last Dancer,Single,2018-03-22,False,False,False,False
7dedaed4-7db1-4da7-9256-4bb0273e6918,Live at Ultra Music Festival Miami 2018 (Highlights) (A State of Trance Stage),Album,2018-04-06,False,False,True,True
3b33e7f9-e681-436f-872e-b3edc9918480,Therapy,Single,2018-04-20,False,False,False,False
d284b1dc-1d20-46c7-8eb7-009dbf28d154,A State of Trance 2018,Album,2018-04-27,True,False,False,True
53ad737f-9804-46ba-bd71-99e702ccf3aa,Therapy (club mix),Single,2018-05-03,False,True,False,False
063e0c9e-ee61-42b8-b106-3193f6b47bf6,Blah Blah Blah,Single,2018-05-18,False,False,False,False
48749776-8691-4da9-a912-7259a5883d4c,Blah Blah Blah (Remixes),Single,2018-05-25,False,True,False,False
8a6ff1c5-0076-43b6-b745-5b5e83724771,Therapy (Throttle remix),Single,2018-06-01,False,True,False,False
276034f9-9059-444b-9972-0846926f0090,Blah Blah Blah,EP,2018-06-08,False,False,False,False
81020550-7f45-461c-bc82-61405dba78ba,Therapy (Remixes),Single,2018-06-15,False,True,False,False
1aae83bc-9f1e-43ca-b52a-a876182d3d1f,A State of Trance Top 20 June (Selected by Armin Van Buuren) (2018),Album,2018-06-15,True,False,False,False
fe65236a-9608-4bd9-8cc0-fc5844e1a233,Shivers (ALPHA 9 remix),Single,2018-06-22,False,True,False,False
0dc12c6f-9ff9-4080-ac23-7cf1f3811b58,Live at Ultra Europe 2018 (highlights),Album,2018-07-13,False,False,True,True
de8251e9-9d49-4b7d-88fb-571bc6122260,A State Of Trance Top 20 - July 2018 (Selected by Armin van Buuren),Album,2018-07-20,True,False,False,False
4c5bdcac-6a6d-4c61-81e3-a3bddbf55382,Live at Tomorrowland Belgium 2018 (Highlights),Album,2018-07-21,False,False,True,False
6f344cd9-4c9e-4a3d-9631-41b4577286bc,Our Origin,Single,2018-07-23,False,False,False,False
4e70a002-3af2-4554-a96f-114d91dec347,Therapy (Sebastian Davidson remix),Single,2018-08-01,False,True,False,False
274d280c-3de5-40c7-9109-0136d7b833c9,United,Single,2018-08-03,False,False,False,False
f0fc2b38-a43f-44bb-8d58-2157c4449123,A State of Trance: Ibiza 2018,Album,2018-08-10,True,False,False,True
e35d21cd-bcd4-43df-a1f3-21013877a9b8,A State Of Trance Top 20 - September 2018 (Selected by Armin van Buuren),Album,2018-09-14,False,False,False,True
284b2420-e194-4bbe-9af9-ae06e9bc152a,You Are Too,Single,2018-09-19,False,False,False,False
e6b3ab71-1855-4d22-ba33-1b46bb68873a,Live at Ultra China Beijing 2018 (highlights),Album,2018-10-01,False,False,True,True
daca38c6-0601-4601-8e25-20d3bf31214e,Wild Wild Son,Single,2018-10-12,False,False,False,False
8b4cdcd0-8cea-4a67-90bd-424d1d8b6bb3,Lifting You Higher (ASOT 900 Anthem),Single,2018-10-26,False,False,False,False
6c4ac9d1-97ec-4467-9b38-10cd167fd1f3,A State of Trance: Future Favorite - Best of 2018,Album,2018-11-30,True,False,False,False
7c539787-7159-428e-9048-9942741828b8,"Sex, Love & Water (Laidback Luke Remix)",Single,2018-11-30,False,True,False,False
4cac6de6-8430-411a-97c4-1c3a930fd482,Ready to Rave,Single,2018-12-03,False,False,False,False
2caa0bbe-defd-404b-abc4-7b9278db49c0,A State of Trance Year Mix 2018,Album,2018-12-14,True,False,False,True
fa4da05e-18d1-448e-81f5-e11a5bc48de4,ASOT 896 - A State Of Trance Episode 896 (A State Of Trance Year Mix 2018),Album,2018-12-27,False,False,False,True
6c498e84-88d0-42de-b2e4-a489a9e18103,Repeat After Me,Single,2019-01-11,False,False,False,False
5b62aa8d-3442-4e30-b039-b689e195371e,Lonely for You,Single,2019-02-15,False,False,False,False
698ddc32-b9e1-4e97-97ed-adfa9178856b,Lonely For You (remixes),EP,2019-02-18,False,True,False,False
75e1cee0-da90-4a81-be6d-80bf4a309171,A State of Trance 900,Album,2019-02-22,True,False,False,False
56330f39-cf54-47d8-b08a-b9a3b69f385a,Show Me Love,Single,2019-03-01,False,False,False,False
a3da9133-af0c-436d-8d0b-39c2d59d2517,Turn It Up,Single,2019-03-15,False,False,False,False
3b88e517-c1e1-4e09-9ab1-99b03d497939,A State Of Trance Top 20 - March 2019 (Selected by Armin van Buuren) (Miami Edition),Album,2019-03-15,True,False,False,False
2ee9b9e6-44c4-4bbe-953f-b16826013682,Don’t Give Up on Me,Single,2019-03-29,False,False,False,False
20ee8e5a-7cec-4c1d-9516-21b3011c092b,La Résistance de L'Amour,Single,2019-04-12,False,False,False,False
ff5a0b7c-21e9-4c9e-a474-dd3fcd5d1650,Trilogy,EP,2019-04-12,False,False,False,False
b77d9eef-c28f-4cdf-9f83-c7104494054d,Phone Down,Single,2019-04-19,False,False,False,False
eb79bd28-9b1f-450e-8d7b-b4a4367d0042,A State of Trance 2019,Album,2019-05-02,True,False,False,True
a38d35cd-eec2-42ee-82f6-bd93ed4abddc,Hoe het danst,Single,2019-05-08,False,False,False,False
63f536d1-102c-46c2-971a-4346e2185b8e,A State Of Trance Top 20 - May 2019 (Selected by Armin van Buuren),Album,2019-05-24,True,False,False,False
b562618e-c128-4af0-b951-0068c951fc70,Revolution,Single,2019-06-07,False,False,False,False
48075cb5-002c-421a-8f9c-bb0d760870cb,Phone Down (Remixes),Single,2019-06-14,False,True,False,False
57ccc3fd-9ae2-425e-a79c-1dfd41afc1bd,Wild Wild Son (Devin Wild remix),Single,2019-06-24,False,True,False,False
8bfaf802-886b-42a3-8ad3-27609fc82cf9,Turn It Up (remixes),EP,2019-06-28,False,True,False,False
c9ffaf90-0459-4987-99cb-2c2a153b8900,Something Real,Single,2019-07-12,False,False,False,False
3ed4face-0b16-4d0e-a435-325e1946f7a9,Cosmos,Single,2019-07-26,False,False,False,False
7660cfba-41c4-4b8c-9854-ec6d12c94aba,Stickup,Single,2019-08-09,False,False,False,False
0caf9471-7578-465e-bd29-f214b5f3ddec,A State of Trance: Ibiza 2019,Album,2019-08-16,True,False,False,True
a3baecce-7ba9-42cf-bbe4-35ca9d474a32,Something Real (Sem Vox remix),Single,2019-08-23,False,True,False,False
53076973-9d43-4799-b899-85fa431bf2f3,Ready to Rave (Bass Modulators remix),Single,2019-08-26,False,True,False,False
fe860fb0-5cf2-46c8-8af5-1890e3e3fe91,A State Of Trance Top 20 - September 2019 (Selected by Armin van Buuren),Album,2019-09-13,True,False,False,False
652105ad-676e-48d1-84fa-dd291bfdab97,High On Your Love,Single,2019-09-27,False,False,False,False
10064125-b0f8-46a4-a457-2cb3fc4c7b6c,All Comes Down,Single,2019-10-11,False,False,False,False
b0b16c3f-23f9-400c-9f6b-6e756830bf8e,Unlove You,Single,2019-10-18,False,False,False,False
0b5df8ca-0dc6-4189-95e8-f5fc8f7607ee,Balance,Album,2019-10-25,False,False,False,False
1364c9a3-be09-4676-a904-8805f9220f2d,Let the Music Guide You (ASOT 950 Anthem),Single,2019-11-22,False,False,False,False
da188fc8-167a-4a47-a3d4-995a886752ec,Unlove You (Nicky Romero remix),Single,2019-11-29,False,True,False,False
7bf5c6c3-4ee5-4971-a916-e700b4d22b82,A State of Trance Year Mix 2019,Album,2019-12-13,True,False,False,True
f371120b-39c7-45d1-a5ae-902f49ad73a4,Should I Wait,Single,2020-01-01,False,False,False,False
90a47101-c197-4bb7-bb91-a97238f09172,A State Of Trance Top 20 - January 2020 (Selected by Armin van Buuren),Album,2020-01-17,False,False,False,True
8225039b-2dd3-414a-9e84-6f510d9b54d8,A State of Trance 950,Album,2020-02-07,True,False,False,True
2c01e6db-1d98-4e7e-8c0c-df4ca36b0d59,Let The Music Guide You (ASOT 950 Anthem) (Remixes),EP,2020-02-21,False,True,False,False
69253b5d-47a8-4e07-9827-edf6fd67dfdd,Balance (remixes),Album,2020-03-20,False,True,False,False
b7a786cf-4642-4424-8ae9-e2bce10be47e,Leka,Single,2020-03-27,False,False,False,False
5e75db3e-4ecc-4196-af4b-3b515867c7ba,This I Vow,Single,2020-04-03,False,False,False,False
f680372e-c08b-46c5-8a69-84f707e65125,Still Better Off,Single,2020-04-10,False,False,False,False
f4a86f51-4b4b-44aa-afea-8c4c7d6b84a7,Punisher,Single,2020-04-17,False,False,False,False
0c2b4403-c423-496c-bd01-891ebd23c486,A State of Trance 2020,Album,2020-04-24,True,False,False,True
a1fbe1dc-1a0e-49a1-87bd-300d03a6fef5,All on Me,Single,2020-04-24,False,False,False,False
f73dd48f-de22-4705-99b1-535767483a1f,A State of Trance: Ibiza 2020,Album,2020-04-28,True,False,False,True
36d234da-e905-4a34-9a66-c662ed696087,All on Me (Brennan Heart VIP mix),Single,2020-05-01,False,True,False,False
fb6a0c64-4978-4d6c-89de-57053da4f21c,Make It Right (Trinix remix),Single,2020-05-08,False,True,False,False
668fe5d6-6ecb-4a93-a3ad-afd7f68ff88a,Shivers (Marsh remix),Single,2020-05-15,False,True,False,False
7d24b60d-ba47-40f3-b5d4-7edada5f42f3,Blue Fear (Eelke Kleijn day mix / Eelke Kleijn night mix),Single,2020-05-22,False,True,False,False
a43ab2ed-254e-4532-9f72-600179886978,Relaxed,Album,2020-05-29,False,True,False,False
ea455760-ebdb-4524-be5f-f68da20e60bd,All on Me (Remixes),Single,2020-06-05,False,True,False,False
97b3ea94-10c4-4caa-bea5-ece9de60dceb,Tarzan,Single,2020-06-12,False,False,False,False
bea25d58-1d28-4b92-bafd-0549c33f71f6,Boom Boom,Single,2020-06-19,False,False,False,False
75281923-e08e-4a73-80c6-3b13e6041dbf,I Need You to Know,Single,2020-07-10,False,False,False,False
76aaa51f-8262-4f0c-85d4-729acabf9bc7,Lost Tapes,Album,2020-07-31,False,True,False,False
48f43ee4-c03f-42c9-9725-d681e2550dd8,Illusion,Single,2020-08-14,False,False,False,False
2b57183a-803e-4263-9974-ea575a86b74f,The Voice,Single,2020-08-28,False,False,False,False
b3538606-1d5c-4de0-82ab-6b24b1bb8c65,Que Pasa,Single,2020-08-28,False,False,False,False
4d8960b9-49ea-453f-b7f9-e6538db166ab,Hollow Mask Illusion,EP,2020-09-18,False,False,False,False
f5a2429e-7fe0-46f1-9462-efc6b0878ab1,Need You Now,Single,2020-10-09,False,False,False,False
3b662ec6-9e31-46ea-940a-9b450875eba2,Feel Something,Single,2020-11-06,False,False,False,False
52bec7ad-a747-4f68-a3ea-32055f3b1a46,Christmas Time,Single,2020-11-20,False,False,False,False
369e1885-b761-4d43-b119-c51c90f692c7,A State of Trance: Future Favorite - Best of 2020,Album,2020-11-27,True,False,False,False
ac9f885f-62fa-4923-ba5a-c94459c59e59,A State of Trance Year Mix 2020,Album,2020-12-10,True,False,False,True
81fe36d0-ad45-4768-a1b3-df0bf153b137,Euthymia,EP,2020-12-18,False,False,False,False
8cce16b2-9b8c-4645-8bc2-4a9b5aa2dce4,Christmas Time (Jaxx & Vega remix),Single,2020-12-25,False,True,False,False
7458da47-b070-483d-a44a-c4f1b424570b,Feel Something (Tom Staar remix),Single,2021-01-08,False,True,False,False
83322490-da10-4a92-82b3-d79214072798,Turn the World Into a Dancefloor (ASOT 1000 Anthem),Single,2021-01-21,False,False,False,False
363d0baa-a51e-4d29-a4f1-cbc674dbc4c3,A State of Trance 1000: Celebration Mix,Album,2021-01-28,True,False,False,True
833552ae-e50b-447d-951d-b942b6306fb3,Feel Something (Sammy Porter remix),Single,2021-02-12,False,True,False,False
65f5b0b6-f271-40d8-9971-77ffe935cf09,Leave a Little Love,Single,2021-02-26,False,False,False,False
21f856d3-1b53-43c2-869d-d3f96774afe5,Magico,Single,2021-03-26,False,False,False,False
d4b41ac7-f8cf-4856-aed5-6362185d0877,"A State of Trance Top 20 - 2021, Vol. 1",Album,2021-03-26,True,False,False,False
337ddac2-f4de-4f78-a9a4-d718ac2db591,Rain (FRR By Ferry Corsten rework),Single,2021-04-02,False,True,False,False
c676ac96-70c7-43b2-9cda-5171e3799452,Weight of the World,Single,2021-04-09,False,False,False,False
5ea7f2c7-7d28-4a24-ae8c-c786716862e6,Divino,Single,2021-04-23,False,False,False,False
be25f4eb-3840-4d3b-8e2c-9eb5816a130a,Tell Me Why,Single,2021-05-07,False,False,False,False
f0235173-deb3-4fe2-bb0f-f7345dbe574f,Let Go,Single,2021-05-14,False,False,False,False
c01e6a79-e014-4147-b998-1381c888eb5e,Should I Wait (Armin van Buuren presents Rising Star remix),Single,2021-05-21,False,True,False,False
db7f3d6d-b42b-4e4f-b5e0-3b103c90c990,Battlefield,Single,2021-05-28,False,False,False,False
69d8e479-5c49-4761-aaab-71e5e80189fe,A State of Trance 2021,Album,2021-05-28,True,False,False,True
2c0bfb85-2d4b-49b9-bd2f-da0fb2a1f35d,Goodbye,Single,2021-06-25,False,False,False,False
7bcd1547-2dff-4bee-b730-73d9c7049f43,I Should Be Loving You,Single,2021-07-16,False,False,False,False
b86aa289-009b-473a-b9ac-450143f94a2d,Lost in Space,Single,2021-07-23,False,False,False,False
5436da00-040f-47b7-86c4-bef0553dca98,The Greater Light to Rule the Night,Single,2021-07-30,False,False,False,False
fa556569-9905-475b-9791-1c9e8ba60b76,Sirius,Single,2021-08-13,False,False,False,False
5f009d30-590a-4077-aa64-2a0d3d7689a3,Anita,Single,2021-08-27,False,False,False,False
9c55bcdd-4067-4ead-843c-3d7d7c16123a,A State of Trance FOREVER,Album,2021-09-03,True,False,False,False
3e03bf1a-f8e7-42c2-860e-66f1ce238037,Hold On,Single,2021-09-10,False,False,False,False
954995c8-be10-4e68-852e-c99ba14bc44d,Music Means Love Forever,Single,2021-09-17,False,False,False,False
d72d972a-009c-48e7-8e3d-229d2e4f51fb,Yama,Single,2021-10-22,False,False,False,False
d91ba790-2ca7-4c8c-97ea-55955c0d2287,No Fun,Single,2021-11-19,False,False,False,False
687a1cc2-6bfc-4e8e-b593-6d52230ec8fa,A State of Trance: Future Favorite - Best of 2021,Album,2021-11-26,True,False,False,False
edcf8bce-e62e-4e4e-b6cf-8ca2419d3219,A State of Trance Year Mix 2021,Album,2021-12-01,True,False,False,True
4aa82689-df4b-4c67-8592-29eed540d837,Home With You,Single,2021-12-10,False,False,False,False
5e12de3f-e354-4258-97aa-7eac584bf0e0,Home With You (Rising Star remix),Single,2021-12-10,False,True,False,False
366dffce-d536-4bc0-b20a-39ddbbdf9c8e,For All Time,Single,2021-12-15,False,False,False,False
66e8fda9-0c8d-4da7-9a46-e719aac9d6b4,Soundscape,Single,2021-12-24,False,False,False,False
734a7cda-7ada-48c7-b855-c5d55835fc8e,Human Touch,Single,2022-01-28,False,False,False,False
d1ef0c23-7287-4ed2-aab9-c42f4e0c2159,Human Touch (Remixes),Single,2022-02-11,False,True,False,False
45fcb057-0f59-4bca-bd09-7dda535db8bc,We Can Dance Again,Single,2022-02-18,False,False,False,False
fc1ae270-fadf-46cb-8611-8e444ce09130,"A State of Trance Top 20 - 2022, Vol. 1",Album,2022-02-25,True,False,False,False
d5198ae8-a295-4dd4-8057-0d26875eb7db,Love We Lost,Single,2022-03-11,False,False,False,False
009c0284-d452-4639-9819-2532f0b6c9eb,Love We Lost (VIP Mix/Skytech Remix),Single,2022-03-25,False,True,False,False
82779b08-73a4-409c-a52a-bcf7387bee59,Come Around Again,Single,2022-04-08,False,False,False,False
b3feccd2-8544-4eb4-9dac-5dc39a1c9e6f,Echoes,Single,2022-04-28,False,False,False,False
265e7041-e62b-4314-bdbf-8580569800c5,A State of Trance 2022,Album,2022-04-29,True,False,False,True
e776651a-1287-4d4e-9f59-b36dcdc576ab,Welcome Home,Single,2022-05-06,False,False,False,False
54b9fc40-2583-4833-80a3-dc08870259be,Offshore,Single,2022-05-13,False,True,False,False
13596be7-963d-47b2-b7b7-449fc187f230,"A State Of Trance Top 20 - 2022, Vol. 2",Album,2022-05-27,True,False,False,False
a355ff25-ee6b-45ee-a25c-d98ef7240556,Feel Again,Single,2022-05-27,False,False,False,False
b1bef392-a552-44d7-88ae-a8cd19dba646,"Feel Again, Part 1",Album,2022-06-10,False,False,False,False
ad0c49ac-2e8f-47d8-97a5-b4bc5584cdb5,Superman,Single,2022-06-24,False,False,False,False
ce2c8a16-9dfc-4f05-a471-6ab4a994c58d,One More Time,Single,2022-07-15,False,False,False,False
ac69336b-9480-4bc5-a7e5-e538802f8f57,Forever & Always,Single,2022-08-12,False,False,False,False
67211e98-2dd9-4ca8-b407-2898d3d1907f,Clap,Single,2022-08-26,False,False,False,False
9c6fd886-0d31-404d-8b04-6b45d0ffd95e,A State of Trance: Ibiza 2022,Album,2022-08-26,True,False,False,True
b52a5813-488b-45b6-84e1-d814bd03d3f0,Clap,Single,2022-08-26,False,False,False,False
bcd9c48c-58be-49c8-8dde-b149425ecfeb,Computers Take Over the World,Single,2022-09-09,False,False,False,False
dbc70ac7-abff-4c0b-9794-2146f54a609d,Live on Love,Single,2022-09-23,False,False,False,False
dfd6322a-3978-4103-aa2b-ecfd612d4845,Hey (I Miss You),Single,2022-10-14,False,False,False,False
1a7ee4e3-68c4-42b2-a2e7-850d34b6ee77,"Feel Again, Part 2",Album,2022-10-21,False,False,False,False
8b7e261b-7044-48a4-bbce-a55065158b40,"A State Of Trance Top 20 - 2022, Vol 3",Album,2022-10-28,True,False,False,False
3720cfdd-503e-414c-abc0-812a2feaa8f2,Tocando El Sol,Single,2022-11-11,False,False,False,False
31d82f55-2b55-4627-8a36-e2334b8db7c0,A State of Trance: Future Favorite - Best of 2022,Album,2022-11-18,True,False,False,False
1ea86656-dd6d-4e4d-9e49-aea03c50b8de,Typically Dutch,Single,2022-11-25,False,False,False,False
a9ed617e-d8a9-49d7-b33f-6b1c40786e6a,A State of Trance Year Mix 2022,Album,2022-12-16,True,False,False,True
0fe292f1-0001-47ba-96c4-b8063a560b07,REFLEXION,Single,2022-12-16,False,False,False,False
38f99bec-49ab-4b1e-ad0a-c8b74fba5076,Easy to Love,Single,2023-01-06,False,False,False,False
8f0bfde8-1d49-4aa1-b67e-68a99ede95a9,Dayglow,Single,2023-01-27,False,False,False,False
f9fe2b83-5f28-4a5a-9ee6-1864ccd8218c,La Bomba,Single,2023-02-17,False,False,False,False
0ade5757-e8c2-4711-ae6f-464e5adeeb47,Easy to Love (Remixes),EP,2023-02-24,False,True,False,False
40a08bd9-27f5-4cf7-bd04-0f9a8dca860d,Vulnerable,Single,2023-03-10,False,False,False,False
9d5f59fd-af9c-4fb7-8663-e963eddea53f,On & On,Single,2023-03-29,False,False,False,False
be68bfc6-1446-45a3-a78c-d9f2edfdeafe,Feel Again,Album,2023-03-31,False,False,False,False
5092712b-a509-4fea-b009-33dc0d30428d,When We Come Alive,Single,2023-04-21,False,False,False,False
ba457e11-4dc8-42ad-a7bf-6c6380b96b4c,Fire With Fire,Single,2023-05-12,False,False,False,False
43e6fd09-6d68-4610-9406-3b8895357697,A State of Trance 2023,Album,2023-05-12,True,False,False,True
335d0a42-a673-4f0e-88c7-6d5c34b548bd,"A State of Trance Radio Top 50 – 2023, Vol. 1 (Selected by Armin van Buuren)",Album,2023-06-23,True,False,False,False
56136c72-9cf9-46e7-93e6-075494dd3f8f,Motive,Single,2023-06-30,False,False,False,False
51d781b5-ea86-439b-ab40-635e120e2700,Live at Tomorrowland 2023 (Highlights),Album,2023-07-29,False,False,True,True
38f20485-c8d0-46a8-a4ed-0e86de96e81e,Space Case,Single,2023-08-11,False,False,False,False
c48abaaa-01de-4281-838c-773df54a6b55,Lose This Feeling,Single,2023-09-01,False,False,False,False
aef271c0-68e0-48de-bb51-8ca1a7e4b460,Love Is a Drug,Single,2023-09-08,False,False,False,False
91c437d2-1f55-4eac-9068-ca22a6db875e,A State of Trance: Ibiza 2023,Album,2023-09-08,True,False,False,True
a69bdf38-1495-4984-bb44-fbf652a5212c,Computers Take Over the World (Remixes),EP,2023-09-15,False,False,False,False
cbcac2e1-7255-4f47-a626-1af7769f7a39,Destination (A State of Trance 2024 Anthem),Single,2023-09-22,False,False,False,False
6f3e1ff5-b985-4d7a-8178-0b34e88fed21,Lose This Feeling (Dimension Remix),Single,2023-10-13,False,True,False,False
3afa665f-d009-4977-86d7-983115993211,Lose This Feeling (Dimension remix),Single,2023-10-13,False,True,False,False
a23fe8ef-646a-450b-a6e4-2e9844434668,God Is in the Soundwaves,Single,2023-10-27,False,False,False,False
802d87a2-3f3f-47c3-ba5d-125e93f44bbe,EPICA MAXIMA,Single,2023-11-02,False,False,False,False
905b1d80-9bb0-4d4b-afdc-950825b335b8,Lose This Feeling (Maddix Remix) [Spotify],Single,2023-11-17,False,True,False,False
fa0116e9-f80f-459f-9757-92bf430afaed,A State of Trance Year Mix 2023,Album,2023-12-08,True,False,False,True
644cbef7-7990-4a4f-9827-55dceb13f839,Make It Count,Single,2023-12-08,False,False,False,False
a346a4c1-4e89-44c5-a3ea-d230171a350f,Feel Again (Remixes),Album,2023-12-22,False,True,False,False
14c5baaa-c57e-4b34-b47b-7137460b1763,Forever (Stay Like This),Single,2024-01-10,False,False,False,False
6b966861-af6c-4d75-87f2-9ad6254e41ca,Breathe In,Album,2024-01-12,False,False,False,False
2f1e71bf-43da-46dc-b2b5-6dcb1a0764a0,Forever (Stay Like This) (club mix),Single,2024-01-26,False,False,False,False
49f66d53-39e9-4e1f-9802-1abebd1e33bf,Take Off,Single,2024-02-09,False,False,False,False
cb9d324f-7b55-46de-8f3b-1e78b371ae65,A State of Trance 2024 - Destination,Album,2024-02-16,True,False,False,False
d26c4b03-06c7-4ac1-9a40-41b4cb1fae55,What Took You so Long,Single,2024-03-22,False,False,False,False
38f0b972-fc9e-4a6f-b2c7-badaaa3d7fd7,Now Love Will Begin,Single,2024-04-12,False,False,False,False
0c54b00e-4d24-461b-a996-c386d231c694,"A State of Trance Radio Top 50 – 2024, Vol. 1",Album,2024-04-19,True,False,False,False
31d8711c-09b0-4c3e-aa8c-29122975505c,By Now,Single,2024-04-26,False,False,False,False
a6dac6aa-684d-4410-9771-f65f392619c6,A State of Trance 2024,Album,2024-05-17,True,False,False,True
eb1f56de-03a3-4b8e-b510-49937ad64e1f,High on Love,Single,2024-05-17,False,False,False,False
c65f0411-22bd-4d02-a791-28ba0ef7b47f,Larger Than Life,Single,2024-05-31,False,False,False,False
a42ac0fe-450d-4f70-9016-5aa3b53503c3,Communication Part 1-3,Album,2024-05-31,False,False,False,False
fd62f07f-ce9d-4269-883f-77e1b2e906a6,City Lights,Single,2024-06-21,False,False,False,False
2816f20d-0d52-4089-ac18-dc909152919f,In and Out of Love,Single,2024-06-28,False,False,False,False
dad8aafe-f958-4533-99ac-0d76f2c80c99,In the Dark,Single,2024-07-12,False,False,False,False
3a5af292-f8c4-45a5-bc33-229fe09f4101,Es Vedrà,Single,2024-08-02,False,False,False,False
b33aaaa7-6e5b-4e01-957a-0a7e092ba4ac,Let Me Show You,Single,2024-08-23,False,False,False,False
e2e5a9c0-8cf6-410b-b5b7-e7543cfc8f57,Love Is Eternity,Single,2024-08-30,False,False,False,False
5322d08c-4c5b-405d-b074-6bf5e647b85f,Follow the Light,Single,2024-09-06,False,False,False,False
d88a0778-7b94-4ccb-9e0c-a21109bdc153,Part of Me,Single,2024-09-20,False,False,False,False
7a644122-4770-483b-8e60-6b96fd0525ac,Pulstar,Single,2024-09-27,False,False,False,False
79939a32-b656-496a-a75d-07c14dbe9487,Sarabande,Single,2024-10-04,False,False,False,False
c2891dcd-5d8b-4ac9-a52a-d9ce10d09a54,Racing Spirit,Single,2024-10-11,False,False,False,False
11e68c85-3c51-499a-b852-6d2007edb744,Freedom,Single,2024-10-25,False,False,False,False
b33fdefb-1a32-46e1-bf5e-961b2a8668c1,Blah Blah Blah (Lilly Palmer remix),Single,2024-11-01,False,True,False,False
af4d0ab8-63d5-481c-8eda-ef42f57bf9ba,Late Checkout,Single,2024-11-08,False,False,False,False
9f148b22-e648-4556-9b1c-5f8e36231ddb,Extreme Ways,Single,2024-11-22,False,False,False,False
f604e206-70fc-408b-88c3-261e161541d5,Universal Nation,Single,2024-11-29,False,False,False,False
86b6d2ce-86a4-43ab-854e-885ad6d9f81c,Viva l'Opera,Single,2024-12-13,False,False,False,False
88e2d662-58ef-4dda-b986-8231dc2940d7,A State of Trance Year Mix 2024,Album,2024-12-13,True,False,False,True
dabf0c14-387c-42d1-b136-2a6eb482d74c,Destination (A State of Trance 2024 Anthem) (Remixes),Single,2024-12-27,False,True,False,False
8e1e5214-1e0b-4a4f-8d20-701be2b97f35,Let It Be For Love,Single,2025-01-01,False,False,False,False
84188d3d-811c-4add-a052-7124b6af6723,Euphoria,Single,2025-01-03,False,False,False,False
2e906318-5d4d-4416-abb9-662ab9c21591,Love,Single,2025-01-17,False,False,False,False
20e8c9c7-1cf5-4af9-997e-a2b818601e43,All Night,Single,2025-01-30,False,False,False,False
ecc5cb6a-9188-4937-a601-d85c6fef4652,Is It Beautiful? - A State of Trance 2025 TRANSFORMATION Anthem,Single,2025-02-13,False,False,False,False
a5b51aa6-1ed7-4d29-990e-6f8a0fa9b4fa,A State of Trance 2025 - TRANSFORMATION (The Official Album),Album,2025-02-14,True,False,False,False
03e9842a-4b69-40fd-bdac-d04e2e364ba6,Keep the Faith,Single,2025-02-28,False,True,False,False
c3cb8e5d-5ae6-4539-9379-510cb1bcca7f,Angels,Single,2025-03-13,False,False,False,False
02a5422b-929d-491c-be2d-f8bc7f998c9f,Sound of You,Single,2025-03-27,False,False,False,False
fd462283-7247-4f5c-b607-ec01eda0de6f,A State of Trance 2025,Album,2025-03-28,True,False,False,True
312eed66-0f75-4ba9-826c-9a68180f775a,Dream a Little Dream,Single,2025-04-25,False,False,False,False
53ddc580-1b44-461b-b1ff-659e6055f5ad,Bach to the Future,Single,2025-05-09,False,False,False,False
797fd095-1d61-495f-88a8-31599f9a1887,Gimme the Love,Single,2025-05-23,False,False,False,False
dfddb062-3e17-4815-b48f-e198dad5c42c,Armin van Buuren B2B Ben Hemsley live at a State of Trance 2025 (Highlights),Album,2025-06-07,False,False,True,True
3d22f31a-96cd-4b61-bb76-1d20dea72031,Dragon,Single,2025-06-13,False,False,False,False
c042cb92-3cfe-48ef-b548-f8ffb4c2ea4c,Breathe,Album,2025-06-27,False,False,False,False
f820760e-61d5-4e97-a557-f115972512fd,Armin van Buuren Classics Mini Mix,Album,2025-07-11,True,False,False,False
f91c7cba-6d8e-4098-9c02-a121c8840837,Heavy,Single,2025-07-25,False,False,False,False
2d249268-3f46-4069-a889-f15c076780fd,Sleepless Nights,Single,2025-08-08,False,False,False,False
3aaa2e66-dce4-4d00-bd0a-9b86d51edfa0,Sleepless Nights,Single,2025-08-08,False,False,False,False
b58f78e5-dc3f-466c-9730-fd6cb90a96a3,Everything I Wanted,Single,2025-08-21,False,False,False,False
51479064-7758-4acb-8b5f-e9c2ef75ef2c,A State of Trance: Ibiza 2025,Album,2025-08-22,True,False,False,True
a0000e2a-e4e5-4fc0-8c83-5511b34fde39,"Ishq Hai (This is Love) [From ""Mismatched, Season 3""]",Single,2025-08-29,False,False,False,False
6488636b-80f2-4798-9d80-4eb0a4779c03,Techno Trance,Single,2025-09-05,False,False,False,False
f7fb77e6-5c65-41cd-9866-6b4c1676adb1,House Party,Single,2025-09-19,False,False,False,False
4def440e-c62f-4612-9193-aee6f2b0ae50,Set Me Free,Single,2025-10-03,False,False,False,False
dbd2bdd7-19e1-4ace-af25-4c66d0410257,Set Me Free (Remixes),Single,2025-10-17,False,True,False,False
3be35a53-ad3a-408e-9b10-a20345b2199e,Set Me Free (Darren Styles Remix),Single,2025-10-17,False,True,False,False
6ef6a125-c0eb-4a3d-98e5-9890f54ee135,Put Your Bassline,Single,2025-10-24,False,False,False,False
eb090a8a-4d88-4e7e-9299-1d3406a0e189,Piano,Album,2025-10-31,False,False,False,False
f8d5b3bf-7a7d-4779-80fa-fa9f5335a8d2,Sonic Samba,Single,2025-10-31,False,False,False,False
f5c2ecc2-160a-48a6-8bd9-a29f07a3028e,A State of Trance: Future Favorite - 2025,Album,2025-11-21,True,False,False,False
e97e7343-4693-4b58-bfe1-d9b14f218fd5,Sonic Samba (Rising Star remix),Single,2025-12-11,False,True,False,False
4363a333-c1b7-465d-a979-5b1ce48f03fa,A State of Trance Year Mix 2025,Album,2025-12-12,True,False,False,True
1480620e-50f0-4786-aead-672c6c4cf00c,Breathe (remixes),Album,2025-12-24,False,True,False,False
1b53cac0-42ab-440f-a719-aabd21f0524e,What Took You So Long,Album,2025-12-24,False,True,False,False
2612e357-c6fb-47af-9346-5ca3197e91ee,Sun Shines on Me,Single,2026-01-02,False,False,False,False
f8473548-904c-47a7-87d3-fd265b5cd994,Ayi Giri / Dopamine Machine,Single,2026-01-16,False,False,False,False
c70d71ed-a5bd-4073-9cc3-f851694c3e73,Mouth Go LaLa,Single,2026-02-13,False,False,False,False
ed535112-82fa-4b56-b2cb-54fa6c4b9e7d,Always You (A State of Trance 2026 ELEVATION Anthem),Single,2026-02-26,False,False,False,False
4ea61ff7-82fc-488a-9861-29de4460cef6,Lost in Time,Single,2026-03-20,False,False,False,False
a320ea93-a32b-40b5-925f-037efb9a4aad,Vem Comigo,Single,2026-04-10,False,False,False,False
f925d620-b978-4f51-992c-fbe3c927b2be,Future Favorites Top 25 - A State of Trance 25 Years,Album,2026-04-17,True,False,False,False
a67c4718-d713-40a0-8e5f-2bb6c8e9ff3c,Future Favorites Top 25 - A State of Trance 25 Years (Extended Versions),Album,2026-04-17,False,False,False,False
400b81ae-c7ce-422c-9062-926c40a38949,Like a Child,Single,2026-04-24,False,False,False,False
ab275c20-91c1-4ffb-ad78-10a326f0716d,She a Freak,Single,2026-05-01,False,False,False,False
86c70fd9-04fe-4dc5-b00a-bca88d6a17da,Serendipity,Single,2026-05-07,False,False,False,False
0e41504b-b3fd-4dfb-8bab-cf00728fc98b,Sun Shines On Me (Rising Star remix),Single,2026-05-08,False,True,False,False
5e1e896e-7fb0-4bd0-a9fe-e31770ffc541,A State of Trance 2026,Album,2026-05-08,True,False,False,True
d58296b9-e221-4134-b107-0a9776ce7f71,U Got 2 Know,Single,2026-05-22,False,False,False,False
af442a76-273a-4c72-82a5-2195443a4ecb,Communication Part3 (Belforg remix),Single,2026-06-03,False,True,False,False
a479a3d7-1865-4bab-957f-d7e72c755395,Let the Music Guide You (ASOT 950 Anthem) (ReOrder pres. Crowd+Ctrl remix),Single,2026-06-04,False,True,False,False
088b9ff6-87d0-4a51-8642-a6c41a4905f7,A State of Trance 25 Years: Selected Highlights (Mixed by Armin van Buuren),Album,2026-06-05,False,False,False,True
2669996f-5618-4a70-b9bc-eb52bc0e8c04,No Mercy,Single,2026-06-26,False,False,False,False
c1b2641a-62c2-4eab-a150-c131c1b1a350,Here in My Arms (Enjoy the Silence),Single,2026-07-10,False,False,False,False
200e9b26-fe17-4313-828d-ee79a1abda39,Parookaville 2026,Single,2026-07-19,False,False,True,False
ad6c8126-ee07-4924-9282-0e785d8d4ce3,Everlasting (Rising Star remix),Single,2026-07-31,False,True,False,False
a068f133-3f01-4fb5-8cbf-a579cf35cc54,Everlasting,Single,2026-07-31,False,False,False,False
3622265d-9462-4ec1-bc99-69f99669630c,A State of Trance Anthems (Remixes),EP,2026-08-07,False,True,False,False
03e57f6f-0ff1-4a3b-aba9-01ac5acb63c8,Burn It Up,Single,2026-08-14,False,False,False,False
2095bd35-d56b-4f7d-96b5-9f8ebe2c2c35,Starbound,Single,2026-08-27,False,False,False,False
99602a40-2f7f-4c18-acfd-00e6dd56e100,In and Out of Love (Remixes EP),EP,2026-09-04,False,True,False,False
6c40f7c4-a0cb-44c9-ac48-2ee008cc8432,Toca's Miracle,Single,2026-09-11,False,False,False,False
f7bc8384-66db-4ce7-a054-150a43e3271c,Take Me Home,Single,2026-09-25,False,False,False,False
