artist_name,release_group_id,title,primary_type,first_release_date,is_compilation,is_remix,is_live,is_dj_mix
Tiësto,3dfa9e68-81e3-3753-8387-6f236d19d60d,Lost Treasures: Isle of Ra,Album,1996-01-01,True,False,False,True
Tiësto,aa28511c-5c62-32a9-ae04-67ff377311c7,Lost Treasures: Concerto for Sonic Circles,Album,1996-01-01,True,False,False,True
Tiësto,dc8d1b36-3905-3d3f-97c3-2a09588c8671,The Tube,Single,1996-01-01,False,False,False,False
Tiësto,6c37ffcb-294f-4a9a-bcfe-3277cd89c856,Space Age Inventions,EP,1997-01-01,False,False,False,False
Tiësto,1af975e1-4120-343b-bd32-405956606b2f,Lost Treasures: Creatures of the Deep,Album,1997-01-01,True,False,False,True
Tiësto,1cce9b50-dfef-3651-a80c-833a80ed70ea,Magik One: First Flight,Album,1997-09-15,True,False,True,True
Tiësto,8c12e1a0-4606-37e2-a536-529020aaf3af,Global Clubbing: The Netherlands,Album,1998-01-01,True,False,False,True
Tiësto,ddf8a444-cedf-3bd8-b17a-9086d8c14291,Space Age 2.0,Album,1998-01-01,True,False,False,True
Tiësto,80d1ff5a-0760-3c2c-9844-ffc8f9b60204,Space Age 1.0,Album,1998-02-22,True,False,False,True
Tiësto,bc64476c-d021-33c6-a732-b3467edfbaea,Magik Two: Story of the Fall,Album,1998-05-08,True,False,True,True
Tiësto,191b47b4-0ce4-3375-a5e9-e28eb2651dee,Magik Three: Far From Earth,Album,1998-10-14,True,False,True,True
Tiësto,82baa350-a159-3dda-b12f-a8469b451617,Live at Innercity - Amsterdam RAI,Album,1999-01-01,True,False,True,True
Tiësto,592ba10f-bceb-3bca-bee8-7a4e4300ef98,Theme From Norefjell,Single,1999-01-01,False,False,False,False
Tiësto,7c68052e-4e55-348c-81cf-630ab522d589,Sparkles,Single,1999-01-01,False,False,False,False
Tiësto,23446b9e-eccf-339f-8491-5de0a54ee13c,Magik Four: A New Adventure,Album,1999-06-06,True,False,True,True
Tiësto,67e44163-b714-3a2e-973a-1d997acd08b0,In Search of Sunrise,Album,1999-07-19,True,False,False,True
Tiësto,e80d81f6-1c3b-4e6a-a484-efb1aa5161f3,Wonder Where You Are? / Wonder?,Single,2000-01-01,False,False,False,False
Tiësto,ef8421fe-379e-42a4-b7a3-74ef52f8b887,Sparkles (Remixes),Single,2000-01-01,False,True,False,False
Tiësto,22dada72-fdce-3af0-af61-07aae444bc59,Magik Five: Heaven Beyond,Album,2000-02-20,True,False,True,True
Tiësto,7d741d5a-3058-30d5-9562-9a4614639cd7,Magik Six: Live in Amsterdam,Album,2000-08-14,True,False,True,True
Tiësto,794cde56-69f6-3110-ab8c-43f887a607a3,Summerbreeze,Album,2000-10-10,True,False,False,True
Tiësto,821a567b-68a5-3c1c-bb4c-be8e56622b82,In Search of Sunrise 2,Album,2000-11-30,True,False,False,True
Tiësto,8e3f9a94-7ccf-3091-98ab-e7d84181ccf8,In My Memory,Album,2001-04-06,False,False,False,False
Tiësto,961e8de9-8e7d-39ef-bc72-34e130d8298f,Magik Seven: Live in Los Angeles,Album,2001-04-18,True,False,True,True
Tiësto,08f599d9-7e20-34ba-bc01-debd27c88816,Flight 643,Single,2001-04-30,False,False,False,False
Tiësto,f4694a6d-cb5e-3c03-bbfc-605e7bdbeee7,Revolution,Album,2001-05-07,True,False,False,True
Tiësto,10dad9d0-9bfb-3b28-9af3-a77937c249cf,Urban Train,Single,2001-09-17,False,False,False,False
Tiësto,6f7e1c25-50cf-3550-bb6a-58723718141d,Suburban / Urban Train,Single,2001-11-06,False,False,False,False
Tiësto,0a3aacec-10fa-47bb-a2ad-87ad9296e0d8,In My Memory,Single,2002-01-01,False,False,False,False
Tiësto,e713306e-3c4d-3a1d-9116-d84989269c0b,Lethal Industry,Single,2002-03-29,False,False,False,False
Tiësto,0d1fdfd7-1852-34d4-99f9-17665fc07485,In My Memory (remixes),Single,2002-04-23,False,True,False,False
Tiësto,ce0edcd1-8f1f-3adf-8e00-99319175f09a,643 (Love’s on Fire),Single,2002-06-17,False,False,False,False
Tiësto,6de6de2d-d63c-320d-bea2-3e849c8583e8,In Search of Sunrise 3: Panama,Album,2002-07-22,True,False,False,True
Tiësto,a59428c1-ed23-3cd5-b03a-e8d7975d34c5,Obsession,Single,2002-11-18,False,False,False,False
Tiësto,f10be240-e77a-36e3-be90-84c8f47368f0,Superstar DJ: The Remixes of DJ Tiësto,Album,2003-01-01,True,False,False,False
Tiësto,acdc6a25-03f8-3901-8051-96cb7e337985,Nyana,Album,2003-05-05,True,False,False,True
Tiësto,4347acbe-e25e-358e-af7b-fc1ab2c5be12,Traffic,Single,2003-09-22,False,False,False,False
Tiësto,f68f69e3-4843-3249-a8fd-ec0783c282a8,Love Comes Again,Single,2004-04-13,False,False,False,False
Tiësto,71291477-8764-4c4d-9963-709d4a009313,Just Be,Album,2004-04-20,False,False,False,False
Tiësto,196cb0a3-ea8f-3fc1-96f2-c35faf53c9b4,Parade of the Athletes,Album,2004-07-01,True,False,False,True
Tiësto,41d65bea-0c61-300c-b4a8-76f979dd977a,Parade of the Athletes,EP,2004-09-07,False,False,False,False
Tiësto,4d847d13-29d6-35dc-8ba3-668044033649,Just Be,Single,2004-10-11,False,False,False,False
Tiësto,2027eb55-c26e-3811-95b6-37f5d4b50bfc,Adagio for Strings,Single,2004-11-02,False,False,False,False
Tiësto,1cbc6d78-3bcb-3936-8b14-d0a425b44819,"The Remixes, Volume 1: DJ Tiësto",Album,2005-01-01,True,False,False,True
Tiësto,41a5122f-e4f5-316e-93f3-e777868f7e2a,In Search of Sunrise 4: Latin America,Album,2005-04-29,True,False,False,True
Tiësto,39b3f836-d224-3a57-9ae3-682eea94d5e1,Best & New 2005,Album,2005-07-01,True,False,False,False
Tiësto,12050117-f8a2-3e3a-8821-fbb6af6217d2,Just Be: Remixed,Album,2005-09-27,False,True,False,False
Tiësto,766527bf-c6e6-32b4-a20a-97e2fcb2cd37,He's a Pirate,Single,2006-01-01,False,False,False,False
Tiësto,c84fed6d-5f95-3043-8d2d-28ecd974cd0b,The Loves We Lost,Single,2006-01-30,False,False,False,False
Tiësto,ba034237-6518-314b-b420-db5b937a602f,In Search of Sunrise 5: Los Angeles,Album,2006-04-25,True,False,False,True
Tiësto,4a053623-14eb-3762-804c-aadc10d3f815,Dance4Life,Single,2006-08-18,False,False,False,False
Tiësto,341282e5-62b5-3326-abb6-5788d1147f45,Lethal Industry / Flight 643 (Richard Durand remixes),Single,2006-12-11,False,True,False,False
Tiësto,f3ba4ca4-3110-3f54-9d94-175b9db32e30,In the Dark,Single,2007-03-01,False,False,False,False
Tiësto,fc6fd3c8-ba1a-383c-879a-16f1d067ce9a,Elements of Life,Album,2007-04-06,False,False,False,False
Tiësto,000f4fef-c3c3-31b8-8bc2-69b302e8d407,Break My Fall,Single,2007-07-01,False,False,False,False
Tiësto,5695373a-463d-489c-bec2-0c8eacf6cafd,Break My Fall,Single,2007-07-01,False,True,False,False
Tiësto,4de45c29-6b67-3377-a1ea-58a0d8c6b7a7,In Search of Sunrise 6: Ibiza,Album,2007-09-07,True,False,False,True
Tiësto,bb31a2c2-4d19-4448-9fd9-84854bb877a1,Adagio for Strings (Wrongun! remix),Single,2007-12-07,False,True,False,False
Tiësto,59f159d6-938d-34c0-a3ea-9e1689c712e6,Sweet Things,Single,2007-12-10,False,False,False,False
Tiësto,13d2870c-ad31-3a55-9794-1306f8273664,Everything (Standerwick remix),Single,2008-01-01,False,True,False,False
Tiësto,5dc7faee-15a8-45f0-b479-80174aec78a7,Somewhere Inside,Single,2008-02-12,False,False,False,False
Tiësto,0df27cc5-0485-3cda-a1aa-97d9a4f870ae,Copenhagen: Elements of Life World Tour,Album,2008-03-07,False,False,True,False
Tiësto,afd884cb-b8e7-3450-8650-54c9e6db9f71,Elements of Life: Remixed,Album,2008-03-13,False,True,False,False
Tiësto,e93f374e-4681-36df-a432-4edd5017e55a,In Search of Sunrise 7: Asia,Album,2008-06-10,True,False,False,True
Tiësto,f9fa9d68-8e6b-40e4-bac1-19bea94c64b2,The Best of Tiësto,Album,2008-09-16,True,False,False,False
Tiësto,77bb2533-733b-3014-a793-66858f454a72,Alone in the Dark: Inferno: Edward Carnby,Single,2008-11-18,False,False,False,False
Tiësto,3ac62192-af02-4d6f-97fc-b9b375acf261,I Will Be Here,EP,2009-07-21,False,False,False,False
Tiësto,895c4c63-3388-4c36-9017-9fa7d9aa2417,Tales From The Album Magik,EP,2009-07-23,False,False,False,False
Tiësto,3a33a438-dcde-4518-b96f-e0be290affba,Louder Than Boom,Single,2009-09-01,False,False,False,False
Tiësto,5bc90896-bd80-4ee8-9462-3cae3cc898b4,Kaleidoscope,Single,2009-09-14,False,False,False,False
Tiësto,1e75a02e-7fc4-4bae-aa6a-cc865e578c6e,Kaleidoscope,Album,2009-10-02,False,False,False,False
Tiësto,f7904374-0ddd-4fa8-be28-25148f31c1a7,Escape Me,Single,2009-11-22,False,False,False,False
Tiësto,97a05fe3-1668-438a-bb1d-abaf20473ee2,Kaleidoscope Extended Remixes,Album,2009-12-15,False,True,False,False
Tiësto,d3bb050e-c842-4db5-abd4-13f3b650dd7e,Kaleidoscope Remixed (Unreleased Extended),Album,2010-01-01,False,True,False,False
Tiësto,bd2c86fd-f52e-47cf-9090-0bdde75b0385,What's Next,EP,2010-01-01,True,False,False,False
Tiësto,859661c7-9df0-4467-9b55-c4f484f3a810,Who Wants to Be Alone,Single,2010-01-01,False,False,False,False
Tiësto,94339ac6-2555-4192-b6e6-0a2dc7a73a70,Feel It,Single,2010-02-19,False,False,False,False
Tiësto,0390f30a-485f-4678-b597-af0b3f3f95b0,C’mon,Single,2010-05-11,False,False,False,False
Tiësto,679b1a0e-34da-49fd-a711-796e162df5d9,Magikal Journey: The Hits Collection 1998‒2008,Album,2010-05-17,True,False,False,False
Tiësto,db180d40-a9fb-4c74-a64b-bb5b89240fda,The Tube (R3mixed),Single,2010-05-18,False,True,False,False
Tiësto,989c3da5-7bb8-4bb7-afe2-45c84a505cfc,Magikal Circus,EP,2010-05-24,False,False,False,False
Tiësto,4ac626aa-b9dd-4c8c-984b-941dca9bbb14,Goldrush,Single,2010-05-24,False,False,False,False
Tiësto,d2556f91-5ed3-4093-a435-3f3c99f92cba,Knock You Out (remixes),Single,2010-05-25,False,True,False,False
Tiësto,16406e54-5f9a-4b0f-865f-7c93c04329fc,Feel It in My Bones,Single,2010-06-06,False,False,False,False
Tiësto,a1ae5e55-41cb-4c38-a668-cfcc17557a82,Kaleidoscope Remixed,Album,2010-08-31,False,True,False,False
Tiësto,14a5fd86-1720-4459-a591-977cb1473078,Speed Rail,Single,2010-09-10,False,False,False,False
Tiësto,b3624dbc-d7f9-4bf9-bb0d-257cfdf90bdf,Greatest Hits,Album,2011-01-01,True,False,False,False
Tiësto,29d1ae4b-f346-48bf-9222-2d8c83d3bbd0,Only You,Single,2011-02-07,False,False,False,False
Tiësto,2868b6d6-1028-46ff-9732-f0923702ccd1,Zero 76,Single,2011-02-07,False,False,False,False
Tiësto,12b53fde-3032-428a-be0a-5abc8675a744,C’mon (Catch ’em by Surprise),Single,2011-02-07,False,False,False,False
Tiësto,11ec914c-64a7-4c72-a710-37afbf5f8b4a,Bleckentrommel,Single,2011-02-14,False,False,False,False
Tiësto,269d1432-c749-4466-93aa-784a3237e094,Young Lions,Single,2011-03-03,False,False,False,False
Tiësto,b6f27c59-96f6-451e-9f0e-156266a740af,Beautiful World,Single,2011-03-21,False,False,False,False
Tiësto,9cde4c28-05c6-4940-9ec1-262cf7fac090,"Club Life, Volume One: Las Vegas",Album,2011-04-01,True,False,False,True
Tiësto,55ad4e6e-4884-4039-8997-db4fc429b2fa,"Work Hard, Play Hard",Single,2011-08-01,False,False,False,False
Tiësto,f2eb4a08-998d-45f4-a132-a98d1e78b3b1,Maximal Crazy,Single,2011-09-05,False,False,False,False
Tiësto,08325362-c108-4be2-8e77-f5a40bae4c9e,What Can We Do (A Deeper Love),Single,2011-11-17,False,False,False,False
Tiësto,14aee776-e828-4b25-9d5d-4522341acf88,Love Comes Again / Flight 643 / Traffic,Single,2011-11-28,True,False,False,False
Tiësto,f69723a1-1942-495a-9f23-efacf7c5ab73,Tornado,Single,2011-11-29,False,False,False,False
Tiësto,5900f8c9-0a38-4afa-ac3c-6d63fde21dcb,Chasing Summers (original mix),Single,2012-01-01,False,False,False,False
Tiësto,140dbc58-e58e-443d-9dd6-113c150a33cf,Lethal Industry (Sebastien Bruce remix),Single,2012-02-27,False,True,False,False
Tiësto,6eb40102-bffc-4c80-829f-9e0ae0bdf58f,We Own the Night,Single,2012-04-06,False,False,False,False
Tiësto,b64606e6-3331-4dcb-a9d2-01f8d4c0ce7c,"Club Life, Volume Two: Miami",Album,2012-04-20,True,False,False,True
Tiësto,3a3e97aa-5fc1-4a83-9282-da6dbf73cc2a,Hell Yeah!,Single,2012-06-04,False,False,False,False
Tiësto,202b4b95-64a4-4d6c-98cb-508021aa2dc7,People of the Night,Single,2012-08-13,False,False,False,False
Tiësto,a51f4658-2f38-4c2b-a243-274d57efc4e1,Pair of Dice,Single,2012-10-08,False,False,False,False
Tiësto,2b644c93-ddd0-4643-824a-0d1d38100a2b,Tiësto In Concert - Director's Cut,Album,2012-12-07,True,False,False,False
Tiësto,ff721633-89e1-4067-88bb-852252d13341,Lethal Industry (Sterbinszky & Coddie remix),Single,2012-12-24,False,True,False,False
Tiësto,56fe4f75-3e5a-48c0-8321-0f513e29a829,Knock You Out,Single,2013-01-01,False,False,False,False
Tiësto,a1b8f561-2aaf-41e7-895c-926d28cabbcd,Century (Tiësto & Moska remix),Single,2013-01-01,False,True,False,False
Tiësto,9b20bcae-67f9-4c49-b5a2-e1c99d6db25c,Love and Run,Single,2013-01-01,False,False,False,False
Tiësto,0d0f9270-0214-448e-81e2-ebf600c6419e,I Am Strong,Single,2013-01-01,False,False,False,False
Tiësto,7442ed76-3310-4d0b-9ae5-34d88766bf35,Love Comes Again (remixes),Single,2013-02-04,False,True,False,False
Tiësto,1e46d5a0-048d-4ab5-94ab-d1d133285261,Make Some Noise Remixes,Single,2013-02-26,False,True,False,False
Tiësto,b7d2c8d7-a307-4d01-8f0c-c5b33f796b53,Chasing Summers (R3hab & Quintino remix),Single,2013-03-05,False,True,False,False
Tiësto,280947dd-9771-4194-9935-ec7aeefdce71,United (Ultra Music Festival Anthem),Single,2013-03-05,False,False,False,False
Tiësto,a4babad6-0a5d-4901-924a-e76e58e8f047,Take Me,Single,2013-05-14,False,False,False,False
Tiësto,8ada436a-88aa-45ae-a6a8-074744a38cd8,Paradise,Single,2013-06-11,False,False,False,False
Tiësto,bebbc48b-f85c-49a6-abae-0c52ea836564,Back to the Acid,Single,2013-06-11,False,False,False,False
Tiësto,07353eb1-5e06-4df9-9a05-694060d9bd5a,"Club Life, Volume Three: Stockholm",Album,2013-06-18,True,False,False,True
Tiësto,2de2b118-ec7d-4c79-9a4f-31e8b3f2311b,Adagio for Strings (Blasterjaxx Remix),Single,2013-06-24,False,False,False,False
Tiësto,baf2a034-7d90-4bc6-893c-93617ac73ac1,Shocker,Single,2013-06-25,False,False,False,False
Tiësto,a8a0ac5b-fae8-4f47-b5b4-edb1905a5c55,Kaleidoscope Remixed (Deluxe Edition),Album,2013-07-23,False,True,False,False
Tiësto,6aade836-22e4-49ab-ac45-be412d899e56,Move to the Rhythm,Single,2013-08-12,False,False,False,False
Tiësto,2045c64b-17af-46b2-966b-7ba46729dad7,People of the Night (Dimitri Vangelis & Wyman remix),Single,2013-09-16,False,False,False,False
Tiësto,919b2ca5-3733-45a9-ab10-919a1c7c2d0f,iTrance,Single,2013-10-18,False,False,False,False
Tiësto,580271fc-c2a7-4dac-bfaf-ffc1f070fe93,Love Comes Again,Single,2013-11-04,False,True,False,False
Tiësto,36bf0e17-c532-4848-a726-f87510b3865a,Out of Control,Single,2013-11-25,False,False,False,False
Tiësto,93a1c667-47af-467c-b26b-6a8afe92a94f,Red Lights,Single,2013-12-17,False,False,False,False
Tiësto,7e0203c3-878b-4459-9f00-79384580f3c4,Red Lights (Hungry Man Fun Man remix),Single,2013-12-17,False,True,False,False
Tiësto,add82aef-f36f-4776-ab5e-c29f61f8fc73,Flight 643 (Fei-Fei's Feided Trap 643 remix),Single,2014-01-01,False,True,False,False
Tiësto,a1853cf8-bcbd-4d7d-a11d-d522e07840a1,Escape Me (Zaken remix),Single,2014-01-01,False,True,False,False
Tiësto,233d7b61-11d1-44da-b07f-fad52e4f2659,Red Lights (remixes),Single,2014-02-23,False,True,False,False
Tiësto,f42b1915-e4ec-410b-a34f-99fa0b479758,Drop It Like This,Single,2014-03-17,False,False,False,False
Tiësto,d019e2fa-2699-49b9-bd79-74296fd70031,Wasted,Single,2014-04-22,False,False,False,False
Tiësto,86236bc0-cec1-4461-8600-b22ca5d21b3b,Bang (Tiësto bootleg),Single,2014-04-28,False,False,False,False
Tiësto,924eb3ae-ca40-46b0-aefb-7b6253571a4b,Just Be (remixes),Single,2014-05-12,False,True,False,False
Tiësto,533888f1-3c27-443a-8d59-2e0bf97e68f1,Let's Go,Single,2014-05-13,False,False,False,False
Tiësto,fbc72234-b219-4f42-ac6f-d23cdec30f6a,Wasted (remixes),Single,2014-06-10,False,True,False,False
Tiësto,975df6fe-7a6c-472b-9d61-71de3db3bd9a,A Town Called Paradise,Album,2014-06-13,False,False,False,False
Tiësto,cbad9e8d-9a09-4c5b-8b5c-2f75bc0a8e5f,Wasted (Yellow Claw remix),Single,2014-06-20,False,True,False,False
Tiësto,0de53849-921f-4db8-9119-4ad0a3a766d1,Say something,Single,2014-08-25,False,False,False,False
Tiësto,29067ac4-f697-4bf7-9452-77f1cce61cae,Zero 76 (twoloud remix),Single,2014-10-24,False,True,False,False
Tiësto,599e6dd1-c8da-4495-8bc0-7b1e63323775,Light Years Away (remixes),Single,2014-11-28,False,True,False,False
Tiësto,45f2b35f-f115-4d95-b510-3ea42f102209,Chemicals (Jay Tromp remix),Single,2015-01-01,False,True,False,False
Tiësto,f5f6ad1f-4371-4d40-8c08-db2286a3c937,Blow Your Mind,Single,2015-01-26,False,False,False,False
Tiësto,c8e84544-18d2-442d-94f8-d00e85306bf5,Secrets,Single,2015-03-16,False,False,False,False
Tiësto,cb45af04-b243-42f6-8595-11c21568f937,The Only Way Is Up,Single,2015-05-04,False,False,False,False
Tiësto,7d226d20-e5d0-4a88-988c-823e4bb32e1d,"Club Life, Volume Four: New York City",Album,2015-05-18,True,False,False,True
Tiësto,24481a1c-35d9-4bcb-967a-80ad2f28617f,Show Me,Single,2015-07-06,False,False,False,False
Tiësto,6e0aa177-3f30-4a9c-8b0d-3bb2b7691ebf,Secrets (Don Diablo’s VIP mix),Single,2015-08-10,False,True,False,False
Tiësto,80341398-5cf0-48a5-a91b-e3a13b41fd58,Secrets (remixes),Single,2015-08-28,False,True,False,False
Tiësto,1d91d2ce-cfc6-47bc-a6b3-ad2b2364dbf7,Split (Only U),Single,2015-08-31,False,False,False,False
Tiësto,128ecb65-fb5d-4b59-a074-0bc63f188621,Suburban Train (Jordan Suckley remix),Single,2015-09-21,False,True,False,False
Tiësto,b903a064-49d0-493e-8093-c54bb86e5e5f,Chemicals,Single,2015-09-21,False,False,False,False
Tiësto,0f084bc6-5918-4b49-b22d-e64409991584,Wombass,Single,2015-11-09,False,False,False,False
Tiësto,3c7b152f-8e4b-4397-aff1-a0f162aeed56,Get Down,Single,2015-12-28,False,False,False,False
Tiësto,22741690-a631-4d69-9308-8bde2e0db3c9,The Right Song,Single,2016-01-22,False,False,False,False
Tiësto,ef3ac21f-90bf-48e7-a401-d0cbd6572034,The Right Song (remixes),Single,2016-03-11,False,True,False,False
Tiësto,9de45b67-03c5-4584-aedc-6010c8d3152f,Making Me Dizzy,Single,2016-03-28,False,False,False,False
Tiësto,436f0ae1-df6f-4aaa-a8bd-2ab58a455bc6,What You’re Waiting For,Single,2016-05-09,False,False,False,False
Tiësto,b61e6c71-4909-4ce5-81af-e7bf947289ac,Summer Nights,Single,2016-06-17,False,False,False,False
Tiësto,35a7daac-31bf-490e-a990-a00d3ef0dd87,Infected,Single,2016-07-15,False,False,False,False
Tiësto,aba4017a-7bf8-4852-b3d1-48428becc07f,I Want You,Single,2016-08-05,False,False,False,False
Tiësto,dd3383a3-4294-438c-877d-aeb6518c7464,Summer Nights (The Him remix),Single,2016-08-19,False,True,False,False
Tiësto,1d9cad60-efc7-4c75-9744-152519be0fa7,Your Love,Single,2016-08-26,False,False,False,False
Tiësto,58f68884-0490-4573-9e18-d9aecbd13b8e,Summer Nights (Tiësto’s Deep House remix),Single,2016-08-26,False,True,False,False
Tiësto,1665ec7d-542f-43da-9a54-7ea78ef2c6a7,C'mon (Maestro Harrell 2016 remix),Single,2016-12-16,False,True,False,False
Tiësto,a4847ad7-94ad-4c61-a660-1f093a5db9df,AFTR:HRS: Mixed by Tiesto,Album,2016-12-23,True,False,False,True
Tiësto,d2b84109-f74b-4413-bcc7-61925c7f60c8,Ten Seconds Before Sunrise (Moska remix),Single,2017-01-01,False,True,False,False
Tiësto,d70c3927-95f3-4686-9c9f-7611854ac29a,On My Way,Single,2017-01-13,False,False,False,False
Tiësto,f6d6adc3-71e8-4900-9037-aa9813a4ffac,On My Way (Danny Avila remix),Single,2017-03-24,False,True,False,False
Tiësto,d5509f87-42a5-4272-885e-5172cc28ab1c,BOOM,Single,2017-04-24,False,False,False,False
Tiësto,373183cb-ed59-41f3-85d4-e73a5bfae1ee,BOOM,Single,2017-04-24,False,False,False,False
Tiësto,1ab0a33f-21d0-457c-aa4a-5d9a35e96f8c,Harder,Single,2017-06-16,False,False,False,False
Tiësto,6feed958-36e7-42a2-b828-20cbd2e0ddea,Scream,Single,2017-09-08,False,False,False,False
Tiësto,f77b591f-e105-447e-be21-fafff35e5cd8,Carry You Home,Single,2017-09-29,False,False,False,False
Tiësto,0e93096e-2165-4b2a-a49c-2b69656c1a43,"Clublife, Vol. 5: China",Album,2017-10-06,True,False,False,True
Tiësto,a1981711-2613-4b9d-b650-af38f633423d,BOOM (Mr. Black remix),Single,2017-11-13,False,True,False,False
Tiësto,73e99a49-c1c0-4698-b2bf-0157bcd03ef2,Harder (Maurice West remix),Single,2017-11-20,False,True,False,False
Tiësto,d8301619-91a3-4a42-8080-b183e351fa4a,Coming Home,Single,2018-01-01,False,False,False,False
Tiësto,e00a0ea7-9a01-4546-8edf-e580617a6321,Break the House Down,Single,2018-01-01,False,False,False,False
Tiësto,1bc196ab-d4aa-4359-868e-d2302a6c19b6,BOOM (Black Caviar remix),Single,2018-02-09,False,True,False,False
Tiësto,05ef8df7-fec1-4d32-af3f-913296f65251,Lethal Industry (Jorn van Deynhoven remix),Single,2018-03-13,False,True,False,False
Tiësto,ef679f92-f6b3-42e5-8073-86f30f4a70c2,Dawnbreaker,Single,2018-03-27,False,False,False,False
Tiësto,f81df056-7ab1-4ac4-87d1-b81986fc810a,I Like It Loud EP,EP,2018-03-30,False,False,False,False
Tiësto,d26067cb-6354-479a-9beb-f3735a18e47f,Hotel Transylvania 3,Single,2018-04-20,False,False,False,False
Tiësto,ce821870-a4b9-48c5-9f09-b235c204f33b,BOOM: The Remixes,Single,2018-05-04,False,True,False,False
Tiësto,7dac3c7a-9161-4fdc-a697-504c89d1d825,Jackie Chan,Single,2018-05-18,False,False,False,False
Tiësto,afdb6012-6d9c-4dca-ac9d-a3566b532095,Jackie Chan (Samuriium remix),Single,2018-07-13,False,True,False,False
Tiësto,9a31915b-2c1e-4083-9474-c26ab72e209c,Traffic (Kryder & Dave Winnel + Maddix Remixes),Single,2018-08-23,False,True,False,False
Tiësto,426877d6-09ba-4d8a-bf3a-346bb7d93638,WOW,Single,2018-08-24,False,False,False,False
Tiësto,03939e6a-4987-490b-9c06-47ceee93aeb8,Jackie Chan (HtPkt & Facade remix),Single,2018-08-29,False,True,False,False
Tiësto,6205920b-f08b-4775-adf7-53b10a052562,"Jackie Chan (remixes, Vol. 1)",Single,2018-08-31,False,True,False,False
Tiësto,ef87f6ed-49f0-4a4d-be52-acafa43b5cef,"Jackie Chan (remixes, Vol. 2)",Single,2018-10-05,False,True,False,False
Tiësto,6f34313d-a0e1-49a2-9d55-e44c02fc7479,Jackie Chan (Laidback Luke remix),Single,2018-10-19,False,True,False,False
Tiësto,4d24c6e5-30d6-4b98-933f-0aa2964f2b50,Grapevine,Single,2018-10-26,False,False,False,False
Tiësto,24f54470-c1cd-4653-9cb9-e370bfb01bc9,Party Time,Single,2019-01-01,False,False,False,False
Tiësto,8d29bc6e-8d34-4469-a47c-f0bf07268999,Lose Control,Single,2019-01-01,False,False,False,False
Tiësto,dedeefe6-ef3e-4623-9145-e16a54dc4ea7,Diamonds,Single,2019-01-01,False,False,False,False
Tiësto,8a469d41-a8eb-4a65-9601-c0aba459ace7,Trouble,Single,2019-01-01,False,False,False,False
Tiësto,ae443fa8-c33a-4f77-a047-5f84013fea8b,Halfway There,Single,2019-03-15,False,False,False,False
Tiësto,377ff712-2a9a-426c-ba26-da0bf9d37734,Can You Feel It,Single,2019-03-22,False,False,False,False
Tiësto,aa338bc8-9781-4e1a-a93a-8e1e02b0d682,Can't Get Enough,Single,2019-03-29,False,False,False,False
Tiësto,fc59d756-a9f0-41b1-ab21-88f1ade03b54,My Whistle,Single,2019-04-04,False,False,False,False
Tiësto,8836d195-1ac3-47e0-96b3-bcc85dcd4ec2,Together,EP,2019-04-05,False,False,False,False
Tiësto,a31cc038-4981-4d88-bc0e-8d118a1ce9d3,Feels So Good,Single,2019-04-25,False,False,False,False
Tiësto,730b43fe-8135-49a4-8837-7ecd7f1336a5,Ritual,Single,2019-05-31,False,False,False,False
Tiësto,5454c3c5-a4fa-489a-914b-7d655009e960,Ritual (remixes),Single,2019-08-02,False,True,False,False
Tiësto,c2bd1836-ec90-4f60-938e-a77eb52fb98e,Acordeão,Single,2019-08-08,False,False,False,False
Tiësto,7d930e58-92bb-4065-8883-d3402b517622,God Is a Dancer,Single,2019-09-20,False,False,False,False
Tiësto,a45ec14d-82ca-4f11-a3cc-a95fdb07b3ee,God Is A Dancer (James Hype remix),Single,2019-11-21,False,True,False,False
Tiësto,67eeb60c-f16e-44a3-847f-1fbbfada7199,God Is A Dancer (Toby Green remix),Single,2019-11-29,False,True,False,False
Tiësto,c3cc5435-0f87-4fa3-a8cd-73ca12100755,BLUE,Single,2019-12-13,False,False,False,False
Tiësto,110e81da-5ac4-46b3-ad79-10ad3cad71d0,Nothing Really Matters (remixes),Single,2020-01-01,False,True,False,False
Tiësto,77085008-a0ac-4959-ad03-f878ec0182e7,My Frequency,Single,2020-01-24,False,False,False,False
Tiësto,42593137-7d94-4631-a818-bd1707691d47,BLUE (remixes),Single,2020-01-31,False,True,False,False
Tiësto,80fa19ec-b516-49c8-b7cd-faf39b9ea23a,BLUE (acoustic),Single,2020-02-14,False,True,False,False
Tiësto,8ce992d1-9495-42f8-b711-5057b12a776b,Nothing Really Matters,Single,2020-04-17,False,False,False,False
Tiësto,f9a38e82-6583-4653-9f9f-4e1932e3a419,Nothing Really Matters (Remixes),Single,2020-05-08,False,True,False,False
Tiësto,4a0bd01e-468f-42b4-b51e-e846dcbdaccd,The London Sessions,Album,2020-05-15,False,False,False,False
Tiësto,97486129-d449-4b0e-bd3c-e975ccd9339c,Tomorrow,Single,2020-06-12,False,False,False,False
Tiësto,c6f7562e-ef0e-428c-ab2f-cd5183714554,Lose You (Chico Rose remix),Single,2020-06-26,False,True,False,False
Tiësto,509cb949-06ed-42c4-b798-0690e309af18,Coffee (Give Me Something),Single,2020-08-14,False,False,False,False
Tiësto,247c837f-68f4-4893-b410-30f284a7bda8,Coffee (Give Me Something) (Quintino Remix),Single,2020-09-11,False,False,False,False
Tiësto,bf8e5a02-9b89-476b-8317-7538eb636c35,Head & Heart (Tiësto remix),Single,2020-09-15,False,False,False,False
Tiësto,cd9544a9-fcc4-43f5-9292-6109620e8e0d,The Business,Single,2020-09-16,False,False,False,False
Tiësto,2c7aff06-7da3-4bac-9c74-165b10ac64e1,"The Business, Pt. II",Single,2021-01-21,False,False,False,False
Tiësto,8772b4b3-6cde-44fa-9769-ef4ea45ca2d5,"The Business, Pt. II (Clean Bandit remix)",Single,2021-02-03,False,True,False,False
Tiësto,d20add56-d875-4470-83bd-290776c74c60,The Business (Vintage Culture & Dubdogz remix),Single,2021-04-09,False,True,False,False
Tiësto,44e1428e-29a4-4f37-b1ac-b3847ef8658c,The Business (remixes),Single,2021-04-29,False,True,False,False
Tiësto,c9acb09b-f776-4805-8e6c-e4a80c13137e,Don’t Be Shy,Single,2021-08-13,False,False,False,False
Tiësto,25a55adf-716c-4e93-bada-456ff6f45630,Don't Be Shy (DJ Dark & Mentol remix),Single,2021-09-15,False,True,False,False
Tiësto,d77b5486-70ef-4bc2-890b-839df318f48c,Pepas (Tiësto remix),Single,2021-09-29,False,True,False,False
Tiësto,8e9052da-d6f5-420d-b759-bbb7c7e599d7,Elements of Life (RAM's Fusion remix),Single,2021-10-08,False,False,False,False
Tiësto,eadc9e9b-897d-4372-956f-e39e71e6184a,I’ll Take You High,Single,2021-10-14,False,False,False,False
Tiësto,eeb1f869-9e33-4816-8f36-bb948a9478f8,Clickbait,Single,2021-10-14,False,False,False,False
Tiësto,2efa9c73-c916-481a-87c1-9518ca0e37e6,Money,Single,2021-10-14,False,False,False,False
Tiësto,1126b243-6561-4448-af2e-32caeed183f0,Be Something,Single,2021-10-14,False,False,False,False
Tiësto,56964f6f-b511-4faf-b724-87e64ac4cf5e,Oohla Oohla,Single,2021-10-14,False,False,False,False
Tiësto,6f870264-0f8a-4fc2-a6c7-3fb4b4ae463b,Together Again,EP,2021-10-15,False,False,False,False
Tiësto,c14c531e-1dbb-422e-85fc-c56143ba30af,The Motto,Single,2021-11-04,False,False,False,False
Tiësto,f21d38ae-aaa3-4403-a952-02511661da7f,The Motto (Robin Schulz remix),Single,2022-02-11,False,True,False,False
Tiësto,137154df-b6b1-45ab-aec4-e4eab1dc31c5,The Motto (Jean Luc remix),Single,2022-03-24,False,True,False,False
Tiësto,1218a757-145a-410f-a55e-72a0c1b5c004,The Motto (remixes),EP,2022-03-25,False,True,False,False
Tiësto,91c8951a-c4c7-421b-8988-9d195a700af7,Savage,Single,2022-04-29,False,False,False,False
Tiësto,cc6aa3ad-db83-4671-b2d4-a22b6749606c,Hot in It (Tiësto’s Hotter mix),Single,2022-05-08,False,True,False,False
Tiësto,ee75d65a-d735-45c6-a48f-e92d94c49409,NO MIENTEN (Tiësto Remix),Single,2022-05-12,False,True,False,False
Tiësto,0a873569-cdc2-4790-85d5-21b7e598c7e2,Hot in It,Single,2022-06-30,False,False,False,False
Tiësto,16c5a7db-8eb6-4d68-a27a-a15fd90191a5,Baila Conmigo,Single,2022-07-29,False,False,False,False
Tiësto,3a89e028-dbbb-4315-8982-c7b5d43d589e,Hot in It (Riton remix),Single,2022-08-29,False,True,False,False
Tiësto,f6a95ab4-f362-4ddc-8b15-2170ed92b56f,Can U Dance (To My Beat),Single,2022-09-09,False,False,False,False
Tiësto,6d8ef7c0-0e2b-4754-876d-ea80c79810f4,My City’s On Fire (Tiësto remix),Single,2022-10-04,False,True,False,False
Tiësto,652934f4-b95e-4845-8b2d-72bf7b09fb64,Pump It Louder,Single,2022-10-07,False,False,False,False
Tiësto,e5e5c48e-7793-4614-bf55-1a2d257c7938,10:35,Single,2022-11-03,False,False,False,False
Tiësto,e88267c7-6ab4-43b9-a13a-428367ec6a44,In My Memory (Maor Levi Remixes),EP,2022-11-24,False,False,False,False
Tiësto,0ed48f86-89ca-433c-9f68-3fe8f765b849,TARAKA (Tiësto remix),Single,2022-12-02,False,True,False,False
Tiësto,c0b01f9e-b735-41e3-ab68-8256198ebbbc,I Can’t Wait,Single,2022-12-09,False,False,False,False
Tiësto,b5768aaa-9b92-4a7d-b3fd-7bd24dbeed51,10:35 (Tiesto’s New Year’s Eve VIP remix),Single,2022-12-19,False,True,False,False
Tiësto,52d2ad30-d7ff-4524-a526-6dc1f2bc4bf9,Lethal Industry (Maddix remix),Single,2022-12-23,False,True,False,False
Tiësto,d4984d8c-3282-4c70-a63e-8cb25519ca1b,Lay Low (Radical Redemption remix),Single,2023-01-06,False,True,False,False
Tiësto,7b3b71d2-0d35-4686-a3ac-f293a3f2a0f5,Lay Low,Single,2023-01-06,False,False,False,False
Tiësto,efa3f4ac-3170-4cbb-ae11-180a27a11ed8,10:35 (Joel Corry Remix),Single,2023-01-19,False,True,False,False
Tiësto,121abc72-a467-4118-bce6-056d629da38d,Lay Low (Tiësto VIP mix),Single,2023-02-03,False,True,False,False
Tiësto,124d4eb7-4714-49fb-bc31-15a82a2a4cf6,The Tube (Remastered Remixes),Single,2023-02-03,False,True,False,False
Tiësto,cd56d452-3563-40b1-a51b-24bb6f10678e,10:35 (the remixes),Single,2023-02-10,False,True,False,False
Tiësto,bb1d2b75-6dc4-42d2-983d-03c0a4b0bc11,All Nighter,Single,2023-03-09,False,False,False,False
Tiësto,2adf13a8-7e1f-43b2-9ca8-f439d2272b78,All Nighter (DJ mix),Album,2023-04-14,False,False,False,True
Tiësto,ac2097a2-437d-4e36-9443-992a1b1dcf3b,Drive,Album,2023-04-21,False,False,False,False
Tiësto,25b90680-a2d1-43a5-9a92-f9f14cb6a4d3,Feel Your Ghost,Single,2023-05-19,False,False,False,False
Tiësto,27f93583-b924-4560-a6a5-dab3769c58a5,Round & Round (Tiësto Remix),Single,2023-05-26,False,True,False,False
Tiësto,ddd851e2-362e-4499-832d-a536e4efb1fb,Drifting,Single,2023-06-22,False,False,False,False
Tiësto,bb0790c9-825e-4dc2-a0ec-b5b7851975b5,BOTH,Single,2023-08-29,False,False,False,False
Tiësto,6902bb81-09fd-461d-8f31-0b96cc480556,BOTH (Tiësto's VIP mix),Single,2023-09-22,False,True,False,False
Tiësto,97854fdf-871f-497e-a55d-6915fd075c65,Rule the World (Everybody),Single,2023-10-27,False,False,False,False
Tiësto,ec24759b-6fac-42b5-bc21-d3c7cf5c1483,Run Free (Countdown),Single,2023-11-10,False,False,False,False
Tiësto,8b9100f8-cd6b-446e-aa2a-2baebb695a56,Meet Her,Single,2023-11-24,False,False,False,False
Tiësto,f98a2293-f578-424c-ba61-b585ab227177,Thank You (Not So Bad),Single,2023-12-01,False,False,False,False
Tiësto,03ecf29c-585f-4b8e-9fb9-84f229933e65,BOTH (David Guetta & Seth Hills remix),Single,2023-12-08,False,True,False,False
Tiësto,58acf1ba-5c54-4136-a74d-6b128239b5af,Softly (Tiësto remix),Single,2023-12-13,False,True,False,False
Tiësto,d6d9dd28-bd36-4e7e-b2eb-dec390732729,Tiësto's New Year's Eve VIP,EP,2023-12-15,False,True,False,False
Tiësto,6d29636c-13e0-40f9-a330-10e3fbb7d767,All My Life,Single,2024-01-05,False,False,False,False
Tiësto,446e02cb-f03e-4a9c-8aa8-701f70f68030,Waterslides,Single,2024-01-26,False,False,False,False
Tiësto,fece22de-db60-47e3-8e91-8cee4b3a2823,CONTIGO,Single,2024-02-15,False,False,False,False
Tiësto,18623413-5597-4a74-9799-9f6687e38503,Explode,Single,2024-03-29,False,False,False,False
Tiësto,b1ece9fb-64ac-4463-b8cb-005c75cb095c,Mockingbird,Single,2024-05-03,False,False,False,False
Tiësto,95707b6b-af53-49b9-96c6-a3a3ce29056f,My City,Single,2024-05-15,False,False,False,False
Tiësto,61ac74af-1326-4e2b-9afd-2b8ceb772758,Click Click Click,Single,2024-05-31,False,False,False,False
Tiësto,875876fb-90d1-40e5-9531-f1208bff234f,Atomic City (Tiësto remix),Single,2024-06-21,False,True,False,False
Tiësto,f439d7ee-e585-4969-93c8-49ab3391f3c2,ZENLESS,Single,2024-07-02,False,False,False,False
Tiësto,6864192c-1af9-4bcd-b77e-4a55423b7917,ZENLESS,Single,2024-07-02,False,False,False,False
Tiësto,c4a4b43e-595a-4ec5-9fe2-7104e0805192,Hot Honey,Single,2024-07-25,False,False,False,False
Tiësto,df5fc2e9-2a40-4761-b720-d874d8a6cc07,KARMA (Tiësto Version),Single,2024-08-09,False,False,False,False
Tiësto,096715ab-5e94-4c8c-95c2-cb74b08d1f1a,Light It Up,Single,2024-08-16,False,False,False,False
Tiësto,76dda9b7-bce7-4c8b-acaa-395af5c81808,Drifting (Remixes),EP,2024-08-23,False,True,False,False
Tiësto,74747312-be43-4386-bcb4-8e9e7c5d38e3,VHS RAVE,Single,2024-09-06,False,False,False,False
Tiësto,11184607-5333-4af2-bd3f-403c4bd74899,Dudada,Single,2024-10-04,False,False,False,False
Tiësto,fcb2996a-32ff-4f8a-a565-1b86b13859ed,Tantalizing,Single,2024-11-08,False,False,False,False
Tiësto,915d0c10-e7bc-4b32-8055-0946cbabd1ab,Free Your Mind,Single,2024-12-13,False,False,False,False
Tiësto,a1dcd3c2-ce77-4eed-9a81-23c77b595768,Una Velita,Single,2024-12-20,False,False,False,False
Tiësto,f899ed5a-899d-4270-a4f5-15c303ebbc31,Lethal Industry (Rose Ringed remix),Single,2025-01-03,False,True,False,False
Tiësto,e2d2b6a4-1be2-4d3f-a0fb-bc8804a217eb,I Follow Rivers,Single,2025-01-30,False,False,False,False
Tiësto,8c75d9b1-5053-4a73-91b3-edba2a81896b,Prismatic: Pack One (extended),EP,2025-01-31,False,True,False,False
Tiësto,ed609104-b676-465e-9181-81d55f5324c6,Prismatic: Pack One,EP,2025-01-31,False,False,False,False
Tiësto,de6975b7-adaa-479f-9474-93dcd95e28db,Flex,Single,2025-02-28,False,False,False,False
Tiësto,9007c1b7-5dd7-49a2-bf8f-3018a5166199,All Right,Single,2025-03-14,False,False,False,False
Tiësto,c7284ad2-5be2-4ab2-ad96-e39290adc4de,Shadows,Single,2025-03-28,False,False,False,False
Tiësto,f46988da-4805-4504-97d7-70f5e3edab17,Cool 'n Calm EP,EP,2025-04-04,False,False,False,False
Tiësto,49307dc6-286f-4cb8-a78f-7bab40008138,Tell Me Where U Go,Single,2025-04-25,False,False,False,False
Tiësto,77ffcff3-2f26-4dac-aef7-d08099bbce99,Won’t Be Possible,Single,2025-05-09,False,False,False,False
Tiësto,2c80b37c-bd6e-4ac4-97b3-060ded735a59,OMG! (From F1® The Movie),Single,2025-06-05,False,False,False,False
Tiësto,7b7ef234-2e53-49a9-a664-628f1082c7cb,Everlight,Single,2025-06-27,False,False,False,False
Tiësto,cb2ddc8c-274d-4404-bc99-4c49da8eb4d3,Drifting (Arodes Remix),Single,2025-08-01,False,True,False,False
Tiësto,abea6580-3ae8-47c1-85ec-970b23a669dc,Tell Me Where U Go (Tiësto VIP mix),Single,2025-08-15,False,True,False,False
Tiësto,6b562c98-231e-45e5-915e-d67cbf17c939,Morena (Remix),Single,2025-08-22,False,True,False,False
Tiësto,995eaeb4-dd74-430f-b033-5bb3df3001c6,RVN (Raven),Single,2025-10-10,False,False,False,False
Tiësto,80b963f2-0f7a-4614-b6e3-39dd58a910e9,Bring Me to Life,Single,2025-11-21,False,False,False,False
Tiësto,da02be2e-00bf-4a59-a9b9-d75e88d9d48e,Beautiful Places,Single,2026-02-20,False,False,False,False
Tiësto,53aed3e3-2533-4bef-9c38-c604ee22f67e,Don't Lose Your Head,Single,2026-05-29,False,False,False,False
Tiësto,26ec89f6-79e7-4d64-9d85-2c38f802097c,Echo Sax Finale,Single,2026-07-17,False,False,False,False
