release_year,total_releases,core_releases,singles,albums,eps,remixes,compilations,dj_mixes,live_releases,previous_year_releases,yoy_release_change,yoy_release_pct,comparable_ytd_releases,comparable_ytd_core_releases,dataset_through_date
1996,1,1,1,0,0,0,0,0,0,,,,1,1,2026-09-25
1999,3,1,2,1,0,1,1,1,0,1,2,200.0,2,1,2026-09-25
2000,3,1,1,2,0,0,2,2,0,3,0,0.0,3,1,2026-09-25
2001,1,1,1,0,0,0,0,0,0,3,-2,-66.7,1,1,2026-09-25
2002,1,1,1,0,0,0,0,0,0,1,0,0.0,1,1,2026-09-25
2003,6,5,1,2,3,0,1,1,1,1,5,500.0,4,4,2026-09-25
2004,6,2,2,4,0,0,4,3,1,6,0,0.0,5,2,2026-09-25
2005,10,7,4,4,2,0,3,2,0,6,4,66.7,7,5,2026-09-25
2006,8,5,4,3,1,0,3,2,0,10,-2,-20.0,3,2,2026-09-25
2007,9,4,4,5,0,0,5,3,1,8,1,12.5,7,4,2026-09-25
2008,9,4,3,6,0,0,4,4,1,9,0,0.0,6,4,2026-09-25
2009,13,4,5,8,0,2,7,3,1,9,4,44.4,7,3,2026-09-25
2010,12,5,4,6,2,1,5,3,0,13,-1,-7.7,7,3,2026-09-25
2011,22,6,6,16,0,1,15,4,1,12,10,83.3,17,5,2026-09-25
2012,31,10,13,18,0,3,18,4,1,22,9,40.9,21,6,2026-09-25
2013,20,8,12,8,0,6,6,4,1,31,-11,-35.5,18,8,2026-09-25
2014,23,5,10,13,0,6,11,5,0,20,3,15.0,14,4,2026-09-25
2015,19,10,10,7,2,4,5,3,0,23,-4,-17.4,13,8,2026-09-25
2016,27,9,9,10,8,9,9,3,0,19,8,42.1,15,5,2026-09-25
2017,21,8,10,10,1,3,8,6,1,27,-6,-22.2,17,6,2026-09-25
2018,34,11,19,14,1,9,8,9,4,21,13,61.9,26,8,2026-09-25
2019,32,18,21,8,3,7,7,3,0,34,-2,-5.9,25,13,2026-09-25
2020,32,16,20,9,3,10,5,5,0,32,0,0.0,25,12,2026-09-25
2021,32,21,26,6,0,5,6,3,0,32,0,0.0,24,16,2026-09-25
2022,30,20,21,9,0,3,7,3,0,32,-2,-6.3,22,15,2026-09-25
2023,27,17,18,7,2,5,4,4,1,30,-3,-10.0,19,14,2026-09-25
2024,32,26,26,6,0,2,4,2,0,27,5,18.5,21,18,2026-09-25
2025,35,22,24,11,0,6,6,4,1,32,3,9.4,24,18,2026-09-25
2026,28,18,22,4,2,6,2,2,1,35,-7,-20.0,28,18,2026-09-25
